地震の発生日,地震の発生時刻,震央地名,緯度,経度,深さ,Ｍ,最大震度
1999/12/16,22:47:09.6,栃木県北部,36°38.4′N,139°25.8′E,9 km,4.2,震度４
1999/11/29,21:34:04.1,愛知県西部,35°06.7′N,137°01.5′E,45 km,4.8,震度４
1999/11/10,03:19:17.1,熊本県熊本地方,32°43.6′N,130°47.8′E,13 km,4.2,震度４
1999/11/07,03:34:01.6,福井県沖,36°03.5′N,135°47.6′E,15 km,5.0,震度４
1999/10/30,06:25:50.8,瀬戸内海中部,34°02.8′N,133°30.1′E,13 km,4.6,震度４
1999/10/29,14:59:00.8,長野県北部,36°35.3′N,138°11.6′E,7 km,4.2,震度４
1999/09/13,07:56:46.8,千葉県北西部,35°35.8′N,140°09.5′E,76 km,5.1,震度４
1999/08/21,05:33:11.3,和歌山県北部,34°01.8′N,135°28.2′E,66 km,5.6,震度５弱
1999/07/16,02:59:09.2,広島県南東部,34°25.5′N,133°11.6′E,20 km,4.5,震度４
1999/05/22,19:09:04.3,岩手県内陸北部,39°50.2′N,140°56.8′E,8 km,4.0,震度４
1999/05/13,02:59:23.1,釧路地方中南部,42°58.0′N,143°52.2′E,106 km,6.3,震度４
1999/05/06,13:52:15.7,新潟県上越地方,37°03.5′N,138°23.6′E,14 km,3.8,震度４
1999/04/25,21:27:02.9,茨城県沖,36°27.3′N,140°37.3′E,59 km,5.2,震度４
1999/03/28,01:37:03.5,新島・神津島近海,34°05.9′N,139°00.4′E,14 km,5.2,震度４
1999/03/26,08:31:09.3,茨城県北部,36°27.0′N,140°36.9′E,59 km,5.0,震度４
1999/03/16,16:43:35.3,滋賀県北部,35°16.6′N,135°55.8′E,12 km,5.2,震度４
1999/03/14,13:47:43.8,新島・神津島近海,34°14.0′N,139°06.9′E,9 km,4.1,震度４
1999/03/14,09:04:42.4,新島・神津島近海,34°14.2′N,139°08.2′E,9 km,5.1,震度５弱
1999/03/09,12:53:52.7,熊本県阿蘇地方,32°56.2′N,131°01.1′E,10 km,4.8,震度４
1999/02/26,14:18:16.7,秋田県沖,39°09.3′N,139°50.2′E,21 km,5.3,震度５弱
1999/02/12,03:16:45.6,京都府南部,34°59.5′N,135°33.5′E,15 km,4.2,震度４
1999/01/28,10:25:45.9,長野県中部,36°22.3′N,137°58.9′E,9 km,4.8,震度４
1999/01/24,09:37:06.0,種子島近海,30°34.1′N,131°17.4′E,40 km,6.6,震度４
1998/12/16,09:18:45.2,大隅半島東方沖,31°18.0′N,131°35.3′E,24 km,5.7,震度４
1998/11/24,04:48:11.7,宮城県沖,38°00.9′N,141°33.0′E,83 km,5.2,震度４
1998/11/08,21:40:44.0,東京湾,35°37.8′N,140°02.3′E,80 km,4.7,震度４
1998/11/07,20:13:49.2,奄美大島近海,28°17.5′N,129°19.5′E,15 km,4.8,震度４
1998/09/15,16:24:02.6,宮城県中部,38°16.9′N,140°45.6′E,13 km,5.2,震度４
1998/09/03,16:58:17.2,岩手県内陸北部,39°48.3′N,140°54.0′E,8 km,6.2,震度６弱
1998/08/29,08:46:42.3,東京湾,35°37.9′N,140°01.7′E,65 km,5.3,震度４
1998/08/22,03:55:45.0,長野県中部,36°14.4′N,137°38.9′E,4 km,4.6,震度４
1998/08/16,03:31:07.8,岐阜県飛騨地方,36°19.6′N,137°37.5′E,3 km,5.6,震度４
1998/08/14,19:36:14.8,岐阜県飛騨地方,36°18.2′N,137°37.5′E,5 km,4.7,震度４
1998/08/12,15:13:03.6,長野県中部,36°14.2′N,137°37.6′E,3 km,5.0,震度５弱
1998/08/12,09:40:34.5,長野県中部,36°14.2′N,137°39.0′E,4 km,4.6,震度４
1998/07/01,02:22:47.3,長野県北部,36°37.3′N,137°54.8′E,9 km,5.0,震度４
1998/06/24,23:52:30.3,茨城県南部,36°09.2′N,140°05.9′E,68 km,4.7,震度４
1998/06/23,22:54:18.0,三重県中部,34°34.8′N,136°07.5′E,41 km,4.3,震度４
1998/06/22,16:07:06.0,奄美大島近海,28°16.1′N,129°28.7′E,57 km,5.2,震度４
1998/05/23,04:49:35.2,伊予灘,33°42.2′N,131°50.5′E,86 km,5.4,震度４
1998/05/03,11:09:05.3,伊豆半島東方沖,34°57.6′N,139°10.5′E,5 km,5.9,震度４
1998/05/03,10:59:27.5,伊豆半島東方沖,34°57.7′N,139°10.8′E,6 km,4.2,震度４
1998/04/27,06:09:21.5,伊豆半島東方沖,34°57.5′N,139°11.5′E,9 km,4.7,震度４
1998/04/26,15:03:45.7,伊豆半島東方沖,34°58.8′N,139°11.0′E,3 km,4.7,震度４
1998/04/26,07:37:36.6,伊豆半島東方沖,34°57.8′N,139°10.4′E,6 km,5.0,震度４
1998/04/22,20:32:48.4,三重県北部,35°10.5′N,136°33.7′E,8 km,5.5,震度４
1998/04/09,17:45:39.1,福島県沖,36°56.7′N,141°01.0′E,95 km,5.4,震度４
1998/03/08,13:46:48.3,茨城県南部,36°05.7′N,139°51.3′E,51 km,4.6,震度４
1998/03/03,08:30:05.5,鹿児島県薩摩地方,31°50.8′N,130°17.7′E,7 km,3.7,震度４
1998/02/21,09:55:41.8,新潟県中越地方,37°16.2′N,138°47.7′E,19 km,5.2,震度４
1998/01/10,14:02:30.5,鹿児島県薩摩地方,31°50.2′N,130°17.3′E,7 km,4.2,震度４
1998/01/03,03:19:56.3,釧路沖,42°57.2′N,145°26.2′E,50 km,5.0,震度４
1997/12/19,22:07:55.1,石川県西方沖,36°18.9′N,136°13.4′E,13 km,4.5,震度４
1997/12/07,12:50:40.7,福島県沖,37°43.2′N,141°44.5′E,84 km,5.4,震度４
1997/11/23,12:50:58.6,秋田県沖,39°58.5′N,138°48.3′E,29 km,5.8,震度４
1997/11/15,16:05:17.1,根室地方北部,43°39.9′N,145°06.8′E,155 km,6.1,震度４
1997/09/14,14:33:19.9,新島・神津島近海,34°23.7′N,139°14.5′E,3 km,4.3,震度４
1997/09/04,05:15:43.2,鳥取県西部,35°15.7′N,133°22.6′E,9 km,5.5,震度４
1997/08/13,13:45:04.0,宮古島近海,25°11.4′N,125°48.9′E,94 km,6.2,震度４
1997/07/26,18:36:05.6,鹿児島県薩摩地方,31°58.2′N,130°26.1′E,9 km,4.3,震度４
1997/06/25,18:50:12.7,山口県中部,34°26.4′N,131°39.9′E,8 km,6.6,震度５強
1997/06/19,19:05:20.2,宮古島近海,24°55.5′N,125°21.0′E,53 km,5.1,震度４
1997/06/15,13:54:16.9,釧路沖,42°58.7′N,144°12.4′E,98 km,5.1,震度４
1997/05/22,08:11:24.8,新島・神津島近海,34°13.7′N,139°13.3′E,0 km,5.2,震度４
1997/05/18,06:24:57.8,熊本県熊本地方,32°22.7′N,130°38.4′E,13 km,4.8,震度４
1997/05/14,08:32:06.3,鹿児島県薩摩地方,31°56.1′N,130°20.6′E,9 km,5.1,震度４
1997/05/13,14:38:27.5,鹿児島県薩摩地方,31°56.9′N,130°18.1′E,9 km,6.4,震度６弱
1997/05/12,07:59:38.2,福島県沖,37°03.6′N,141°14.7′E,54 km,5.7,震度４
1997/04/09,23:20:10.4,鹿児島県薩摩地方,31°58.4′N,130°24.6′E,11 km,5.1,震度４
1997/04/05,13:24:50.1,鹿児島県薩摩地方,31°58.2′N,130°24.2′E,12 km,5.2,震度５弱
1997/04/04,02:33:40.6,鹿児島県薩摩地方,31°57.6′N,130°23.5′E,14 km,4.8,震度４
1997/04/03,06:47:31.9,愛媛県南予,33°22.8′N,132°25.8′E,52 km,5.0,震度４
1997/04/03,04:33:23.3,鹿児島県薩摩地方,31°58.2′N,130°19.3′E,15 km,5.7,震度５強
1997/03/26,22:24:04.7,鹿児島県薩摩地方,31°58.6′N,130°26.1′E,9 km,4.7,震度４
1997/03/26,18:05:00.9,鹿児島県薩摩地方,31°58.4′N,130°23.8′E,13 km,4.6,震度４
1997/03/26,17:39:02.9,鹿児島県薩摩地方,31°58.4′N,130°20.5′E,10 km,4.9,震度４
1997/03/26,17:31:47.9,鹿児島県薩摩地方,31°58.3′N,130°21.5′E,12 km,6.6,震度５強
1997/03/16,14:51:39.1,愛知県東部,34°55.6′N,137°31.5′E,39 km,5.9,震度５強
1997/03/08,23:53:21.7,伊豆半島東方沖,34°57.7′N,139°09.7′E,3 km,4.2,震度４
1997/03/07,21:35:51.3,伊豆半島東方沖,34°57.8′N,139°09.9′E,3 km,4.5,震度４
1997/03/07,16:33:21.9,伊豆半島東方沖,34°58.1′N,139°08.8′E,1 km,5.0,震度５弱
1997/03/07,07:29:58.4,静岡県伊豆地方,34°57.8′N,139°08.7′E,5 km,3.9,震度４
1997/03/07,02:36:09.2,伊豆半島東方沖,34°57.8′N,139°09.4′E,3 km,4.1,震度４
1997/03/05,22:43:28.6,伊豆半島東方沖,34°57.7′N,139°09.3′E,3 km,4.9,震度５弱
1997/03/04,12:51:27.2,伊豆半島東方沖,34°57.3′N,139°10.1′E,3 km,5.9,震度４
1997/03/04,00:30:22.5,伊豆半島東方沖,34°57.8′N,139°10.2′E,0 km,5.2,震度４
1997/03/03,23:09:43.2,伊豆半島東方沖,34°57.6′N,139°09.4′E,0 km,5.5,震度５弱
1997/03/03,20:10:59.9,伊豆半島東方沖,34°57.6′N,139°10.7′E,4 km,4.8,震度４
1997/02/20,16:55:00.3,浦河沖,41°45.5′N,142°52.4′E,49 km,5.9,震度５弱
1997/02/20,05:21:49.1,福島県沖,37°23.3′N,141°09.3′E,88 km,5.4,震度４
1997/02/12,00:17:07.2,西表島付近,24°25.0′N,123°44.3′E,4 km,4.4,震度４
1997/01/18,00:53:13.9,奄美大島近海,28°48.5′N,129°55.7′E,37 km,6.2,震度４
1996/12/21,10:28:47.7,茨城県南部,36°05.7′N,139°51.6′E,53 km,5.6,震度５弱
1996/12/03,07:17:58.1,日向灘,31°46.1′N,131°40.8′E,38 km,6.7,震度５弱
1996/11/28,16:40:42.2,千葉県南東沖,34°38.1′N,140°19.6′E,69 km,5.5,震度４
1996/11/17,00:51:55.0,新島・神津島近海,34°22.3′N,139°17.3′E,6 km,4.0,震度４
1996/11/02,04:50:02.3,新島・神津島近海,34°18.7′N,139°12.6′E,2 km,4.9,震度４
1996/10/28,01:51:08.5,新島・神津島近海,34°17.5′N,139°13.9′E,9 km,4.7,震度４
1996/10/25,12:25:17.6,神奈川県西部,35°27.2′N,139°00.1′E,23 km,4.7,震度４
1996/10/24,11:14:54.8,新島・神津島近海,34°15.5′N,139°09.5′E,4 km,4.8,震度４
1996/10/19,23:44:41.4,日向灘,31°47.9′N,132°00.5′E,34 km,6.9,震度５弱
1996/10/18,19:50:24.5,種子島近海,30°34.5′N,131°11.8′E,38 km,6.4,震度４
1996/10/16,22:58:57.4,静岡県伊豆地方,34°58.6′N,139°06.9′E,4 km,4.3,震度４
1996/10/05,09:51:15.4,静岡県中部,34°59.6′N,138°02.6′E,32 km,4.6,震度４
1996/09/11,11:37:14.3,千葉県東方沖,35°38.3′N,141°13.0′E,52 km,6.4,震度５
1996/09/09,13:34:18.8,種子島近海,30°29.3′N,130°57.6′E,22 km,5.8,震度４
1996/08/13,11:13:02.6,山形県最上地方,38°47.8′N,140°35.0′E,6 km,5.3,震度４
1996/08/11,20:52:28.3,宮城県北部,38°52.1′N,140°39.9′E,9 km,4.7,震度４
1996/08/11,20:48:14.6,宮城県北部,38°53.5′N,140°40.1′E,4 km,5.1,震度４
1996/08/11,15:01:33.7,宮城県北部,38°51.1′N,140°41.1′E,10 km,4.9,震度４
1996/08/11,08:10:46.6,宮城県北部,38°51.9′N,140°40.3′E,10 km,5.8,震度５
1996/08/11,05:39:45.4,宮城県北部,38°53.2′N,140°38.8′E,9 km,4.5,震度４
1996/08/11,03:54:12.2,宮城県北部,38°53.8′N,140°39.0′E,9 km,5.6,震度５
1996/08/11,03:12:17.9,秋田県内陸南部,38°54.4′N,140°38.0′E,9 km,6.1,震度５
1996/06/02,18:37:47.6,沖縄本島近海,27°32.5′N,128°27.2′E,49 km,5.7,震度４
1996/05/02,23:19:37.9,新島・神津島近海,34°11.9′N,139°15.2′E,5 km,4.4,震度４
1996/05/02,21:56:14.1,新島・神津島近海,34°14.4′N,139°11.8′E,3 km,4.8,震度４
1996/03/06,23:35:28.7,山梨県東部・富士五湖,35°28.5′N,138°56.8′E,20 km,5.5,震度５
1996/03/06,23:12:27.6,山梨県東部・富士五湖,35°28.4′N,138°56.5′E,19 km,4.6,震度４
1996/02/18,06:24:54.2,トカラ列島近海,29°20.1′N,129°06.9′E,21 km,4.6,震度４
1996/02/17,00:22:58.1,福島県沖,37°18.5′N,142°32.8′E,58 km,6.8,震度４
1996/02/07,10:33:16.5,福井県嶺北,35°56.1′N,136°37.3′E,12 km,5.3,震度４
1996/01/03,20:55:30.3,兵庫県南東部,34°54.4′N,135°22.7′E,10 km,3.4,震度４
1995/12/22,21:41:42.4,紀伊水道,34°12.5′N,135°06.6′E,9 km,4.2,震度４
1995/12/20,20:39:21.0,沖縄本島近海,27°23.9′N,128°20.2′E,50 km,5.2,震度４
1995/11/01,18:35:55.1,奄美大島近海,28°09.7′N,130°13.0′E,31 km,5.8,震度４
1995/10/20,13:13:55.2,奄美大島近海,28°02.8′N,130°20.9′E,29 km,5.4,震度４
1995/10/19,11:43,詳細不明,28°19.0′N,129°58.0′E,0 km,不明,震度４
1995/10/19,11:41:33.0,奄美大島近海,28°01.1′N,130°26.3′E,21 km,6.7,震度５
1995/10/19,09:32:03.5,奄美大島近海,28°07.8′N,130°22.2′E,41 km,6.5,震度４
1995/10/19,08:25:55.9,奄美大島近海,28°03.8′N,130°34.3′E,37 km,6.0,震度４
1995/10/18,20:00:06.0,奄美大島近海,28°08.2′N,130°33.9′E,51 km,4.9,震度４
1995/10/18,19:48:31.7,奄美大島近海,27°50.0′N,130°17.6′E,51 km,5.5,震度４
1995/10/18,19:39:45.2,奄美大島近海,28°05.8′N,130°25.7′E,45 km,5.8,震度４
1995/10/18,19:37:23.2,奄美大島近海,28°01.9′N,130°22.8′E,39 km,6.9,震度５
1995/10/14,02:04:05.8,大阪湾,34°37.8′N,135°06.6′E,15 km,4.7,震度４
1995/10/10,17:00:37.6,伊豆半島東方沖,34°58.2′N,139°10.8′E,7 km,4.1,震度４
1995/10/07,02:09:22.1,新島・神津島近海,34°08.4′N,139°05.4′E,9 km,4.3,震度４
1995/10/06,23:06:55.1,新島・神津島近海,34°08.3′N,139°07.2′E,7 km,5.1,震度４
1995/10/06,21:43:40.6,新島・神津島近海,34°09.1′N,139°06.2′E,9 km,5.9,震度５
1995/10/06,21:29:49.2,新島・神津島近海,34°08.9′N,139°07.0′E,9 km,4.3,震度４
1995/10/05,04:32:20.0,静岡県伊豆地方,34°58.1′N,139°07.8′E,3 km,3.8,震度４
1995/10/04,17:05:17.4,静岡県伊豆地方,34°58.0′N,139°07.9′E,4 km,4.6,震度４
1995/10/02,01:06:43.1,伊豆半島東方沖,34°58.2′N,139°08.7′E,6 km,4.1,震度４
1995/10/01,11:42:46.6,伊豆半島東方沖,34°58.5′N,139°09.0′E,5 km,4.8,震度４
1995/09/14,19:43:24.3,新潟県上越地方,37°08.2′N,138°11.9′E,7 km,3.6,震度４
1995/07/30,20:51:19.3,奄美大島近海,28°42.4′N,129°14.8′E,45 km,5.6,震度４
1995/07/16,15:50:07.9,新島・神津島近海,34°11.7′N,139°09.8′E,4 km,3.6,震度４
1995/07/03,08:53:23.2,相模湾,35°09.9′N,139°33.8′E,122 km,5.2,震度４
1995/06/07,00:52:38.0,和歌山県北部,34°11.7′N,135°12.4′E,4 km,4.1,震度４
1995/05/30,17:25:07.7,空知地方中部,43°39.4′N,141°42.5′E,11 km,3.5,震度４
1995/05/24,14:32:33.7,空知地方中部,43°39.0′N,141°40.3′E,10 km,4.0,震度４
1995/05/23,19:01:28.9,空知地方中部,43°38.5′N,141°42.9′E,16 km,5.9,震度５
1995/05/13,22:27:17.3,三宅島近海,33°58.0′N,139°26.9′E,19 km,5.0,震度４
1995/04/18,20:26:25.2,駿河湾,35°03.9′N,138°35.1′E,24 km,4.9,震度４
1995/04/12,14:23:06.5,茨城県北部,36°28.4′N,140°36.2′E,53 km,4.7,震度４
1995/04/05,13:25:10.8,新潟県下越地方,37°53.0′N,139°15.8′E,18 km,4.2,震度４
1995/04/02,10:29:06.1,新潟県下越地方,37°55.0′N,139°16.2′E,12 km,4.7,震度４
1995/04/01,12:49:34.7,新潟県下越地方,37°53.4′N,139°14.8′E,16 km,5.6,震度４
1995/03/23,07:24:32.3,茨城県南部,36°05.8′N,140°00.8′E,56 km,5.1,震度４
1995/02/27,00:10:23.7,福島県会津,37°25.3′N,139°44.5′E,3 km,4.1,震度４
1995/02/18,21:37:33.8,淡路島付近,34°26.4′N,134°48.8′E,16 km,5.0,震度４
1995/02/15,08:55:32.2,釧路沖,42°30.4′N,144°50.4′E,45 km,4.8,震度４
1995/01/25,23:15:57.1,兵庫県南東部,34°47.5′N,135°18.2′E,15 km,5.1,震度４
1995/01/23,00:33:04.9,淡路島付近,34°33.3′N,134°57.5′E,12 km,4.2,震度４
1995/01/21,21:12:43.6,淡路島付近,34°34.5′N,134°59.6′E,13 km,4.3,震度４
1995/01/21,17:47:31.5,根室半島南東沖,43°09.1′N,146°43.7′E,60 km,6.2,震度４
1995/01/17,08:58:19.5,淡路島付近,34°35.1′N,135°00.3′E,19 km,4.7,震度４
1995/01/17,07:38:36.3,兵庫県南東部,34°47.2′N,135°26.5′E,12 km,5.4,震度４
1995/01/17,05:53:11.6,兵庫県南東部,34°40.7′N,135°09.0′E,9 km,5.0,震度４
1995/01/17,05:50:23.9,兵庫県南東部,34°39.3′N,135°07.8′E,13 km,5.2,震度４
1995/01/17,05:49:48.8,兵庫県南東部,34°39.6′N,135°06.9′E,12 km,4.5,震度４
1995/01/17,05:46:51.8,大阪湾,34°35.9′N,135°02.1′E,16 km,7.3,震度７
1995/01/15,11:40:20.1,沖縄本島近海,27°30.7′N,128°27.6′E,46 km,5.5,震度４
1995/01/13,08:29:38.8,新島・神津島近海,34°17.1′N,139°09.4′E,1 km,5.0,震度４
1995/01/07,21:34:39.7,茨城県南部,36°18.1′N,139°58.6′E,71 km,5.4,震度４
1995/01/07,07:37:37.1,岩手県沖,40°13.4′N,142°18.3′E,48 km,7.2,震度５
1995/01/06,18:40:30.4,新島・神津島近海,34°09.1′N,139°07.5′E,11 km,4.7,震度４
1995/01/01,05:52:26.3,千葉県北西部,35°37.7′N,140°06.2′E,77 km,4.8,震度４
1994/12/30,00:29:29.1,青森県東方沖,40°44.0′N,142°10.8′E,53 km,5.6,震度４
1994/12/28,21:19:20.9,三陸沖,40°25.8′N,143°44.7′E,0 km,7.6,震度６
1994/12/21,00:00:06.1,岩手県内陸南部,39°27.8′N,141°14.1′E,89 km,4.9,震度４
1994/12/18,20:07:33.9,福島県会津,37°17.7′N,139°53.5′E,6 km,5.5,震度４
1994/12/09,01:44:25.9,新島・神津島近海,34°11.4′N,139°11.5′E,9 km,4.2,震度４
1994/10/25,15:06:17.5,静岡県東部,35°10.9′N,138°59.0′E,4 km,4.9,震度４
1994/10/16,08:21:06.6,和歌山県北部,34°13.1′N,135°13.8′E,6 km,4.6,震度４
1994/10/09,16:55:39.0,北海道東方沖,43°33.5′N,147°48.1′E,0 km,7.3,震度４
1994/10/04,22:22:56.9,北海道東方沖,43°22.5′N,147°40.4′E,28 km,8.2,震度６
1994/08/31,18:07:29.0,根室半島南東沖,43°29.6′N,146°03.8′E,84 km,6.3,震度５
1994/08/25,10:24:47.3,釧路沖,42°45.1′N,145°09.7′E,65 km,5.2,震度４
1994/08/14,18:06:50.8,宮城県沖,38°40.8′N,142°23.1′E,42 km,6.0,震度４
1994/07/02,21:08:45.7,奄美大島近海,28°10.4′N,129°42.7′E,35 km,5.3,震度４
1994/07/02,07:43:17.8,浦河沖,42°07.7′N,142°57.4′E,64 km,4.9,震度４
1994/07/01,14:14:49.1,日高地方東部,42°15.3′N,143°04.7′E,67 km,5.2,震度４
1994/06/29,11:01:58.8,千葉県南部,34°57.3′N,139°52.7′E,60 km,5.2,震度４
1994/06/28,13:08:41.6,京都府南部,35°08.1′N,135°39.0′E,15 km,4.7,震度４
1994/06/17,11:13:37.4,紀伊水道,34°04.9′N,134°37.6′E,8 km,4.3,震度４
1994/06/06,18:03:02.2,奄美大島近海,28°27.2′N,129°19.5′E,71 km,5.7,震度４
1994/05/28,17:04:32.3,滋賀県北部,35°19.6′N,136°16.7′E,44 km,5.3,震度４
1994/04/30,12:28:40.5,大隅半島東方沖,31°17.4′N,131°34.5′E,48 km,6.0,震度４
1994/03/16,21:09:26.9,新島・神津島近海,34°09.1′N,139°07.3′E,4 km,4.6,震度４
1994/03/11,13:38:45.4,新島・神津島近海,34°18.0′N,139°11.4′E,12 km,5.1,震度４
1994/03/11,12:54:03.6,新島・神津島近海,34°18.8′N,139°10.8′E,5 km,4.3,震度４
1994/03/11,12:12:12.9,新島・神津島近海,34°17.9′N,139°11.4′E,3 km,5.3,震度４
1994/02/13,02:06:56.3,鹿児島県薩摩地方,32°05.1′N,130°29.7′E,5 km,5.7,震度４
1993/12/17,12:19:04.8,岩手県沖,39°11.4′N,142°15.9′E,62 km,5.3,震度４
1993/12/04,18:30:14.2,苫小牧沖,41°43.6′N,141°59.1′E,80 km,5.4,震度４
1993/11/27,15:11:23.8,宮城県北部,38°35.1′N,141°20.1′E,112 km,5.8,震度４
1993/11/11,09:06:07.9,岩手県沖,39°04.4′N,142°21.8′E,36 km,5.5,震度４
1993/10/12,00:54:20.9,東海道南方沖,32°01.7′N,138°14.4′E,391 km,6.9,震度４
1993/10/10,19:44:07.2,新島・神津島近海,34°21.6′N,139°10.5′E,1 km,4.1,震度４
1993/09/18,11:18:36.5,茨城県沖,36°11.0′N,140°52.9′E,35 km,5.1,震度４
1993/09/11,13:55:34.2,浦河沖,41°58.6′N,142°39.4′E,61 km,5.4,震度４
1993/08/20,16:25:44.3,西表島付近,24°27.0′N,123°42.1′E,5 km,3.2,震度４
1993/08/08,04:42:43.6,北海道南西沖,41°57.5′N,139°52.9′E,24 km,6.3,震度５
1993/08/08,00:18:39.6,静岡県中部,35°00.7′N,138°26.7′E,4 km,4.6,震度４
1993/08/07,15:01:19.6,静岡県中部,35°00.6′N,138°27.4′E,4 km,4.1,震度４
1993/08/03,18:02:35.6,北海道北西沖,44°19.9′N,141°39.9′E,7 km,3.2,震度４
1993/07/29,20:34:25.8,北海道南西沖,42°11.1′N,139°27.5′E,15 km,3.7,震度４
1993/07/25,08:40:03.8,北海道南西沖,42°10.5′N,139°21.8′E,20 km,4.1,震度４
1993/07/25,08:37:36.4,北海道南西沖,42°11.2′N,139°25.9′E,16 km,3.7,震度４
1993/07/13,01:01:05.4,北海道南西沖,42°43.4′N,139°19.8′E,29 km,6.0,震度４
1993/07/12,23:45:00.6,北海道南西沖,43°06.3′N,139°13.3′E,8 km,6.0,震度４
1993/07/12,23:22:47.8,北海道南西沖,42°26.2′N,139°20.1′E,40 km,5.2,震度４
1993/07/12,22:17:11.7,北海道南西沖,42°46.9′N,139°10.8′E,35 km,7.8,震度５
1993/06/03,03:19:32.5,伊豆半島東方沖,34°59.0′N,139°07.1′E,4 km,4.5,震度４
1993/06/02,18:55:29.2,静岡県伊豆地方,34°58.5′N,139°07.5′E,3 km,4.1,震度４
1993/06/02,18:37:27.7,静岡県伊豆地方,34°58.5′N,139°07.0′E,3 km,4.2,震度４
1993/05/31,15:12:56.6,静岡県伊豆地方,34°58.7′N,139°07.5′E,3 km,4.8,震度４
1993/05/31,13:51:51.7,静岡県伊豆地方,34°57.2′N,139°08.0′E,3 km,3.6,震度４
1993/05/31,04:09:37.9,静岡県伊豆地方,34°58.7′N,139°07.7′E,3 km,4.2,震度４
1993/05/31,00:20:43.3,静岡県伊豆地方,34°58.3′N,139°07.1′E,4 km,4.4,震度４
1993/05/21,11:36:37.9,茨城県南部,36°02.7′N,139°53.8′E,61 km,5.4,震度４
1993/05/17,17:39:41.2,西表島付近,24°28.5′N,123°43.1′E,8 km,4.1,震度５
1993/05/06,03:21:32.4,岩手県沿岸南部,39°08.1′N,141°47.3′E,106 km,5.4,震度４
1993/03/25,02:09:30.7,新島・神津島近海,34°12.5′N,139°07.9′E,4 km,4.2,震度４
1993/02/07,23:03:23.1,西表島付近,24°27.5′N,123°42.9′E,5 km,3.7,震度４
1993/02/07,22:27:43.7,能登半島沖,37°39.4′N,137°17.8′E,25 km,6.6,震度５
1993/01/15,20:06:07.2,釧路沖,42°55.2′N,144°21.2′E,101 km,7.5,震度６
1992/12/31,16:26:04.1,宮城県沖,38°56.1′N,142°35.7′E,30 km,5.8,震度４
1992/12/28,01:21:16.1,宮城県沖,38°55.7′N,142°32.8′E,34 km,5.9,震度４
1992/12/12,08:06:04.3,西表島付近,24°28.0′N,123°42.2′E,4 km,2.8,震度４
1992/12/12,06:27:59.5,西表島付近,24°28.8′N,123°43.7′E,7 km,4.3,震度４
1992/11/29,06:55:32.7,西表島付近,24°28.7′N,123°45.1′E,7 km,3.5,震度４
1992/11/18,02:41:54.8,西表島付近,24°27.4′N,123°44.3′E,5 km,不明,震度４
1992/11/18,02:40:47.9,西表島付近,24°29.2′N,123°44.3′E,6 km,4.4,震度５
1992/10/27,02:28:44.1,西表島付近,24°28.5′N,123°45.4′E,7 km,2.9,震度４
1992/10/20,16:42:06.8,西表島付近,24°27.0′N,123°44.5′E,4 km,3.7,震度５
1992/10/20,16:32:51.1,西表島付近,24°29.2′N,123°44.3′E,8 km,3.4,震度４
1992/10/20,16:20,詳細不明,24°23.0′N,123°45.0′E,0 km,不明,震度４
1992/10/20,16:19,詳細不明,24°23.0′N,123°45.0′E,0 km,不明,震度４
1992/10/20,16:18:50.5,西表島付近,24°27.9′N,123°44.4′E,8 km,5.0,震度５
1992/10/20,10:49:22.5,西表島付近,24°24.8′N,123°47.3′E,0 km,不明,震度４
1992/10/18,16:01:10.7,西表島付近,24°24.8′N,123°48.1′E,2 km,3.4,震度４
1992/10/18,12:04:02.9,西表島付近,24°25.0′N,123°48.4′E,5 km,3.3,震度４
1992/10/18,11:35:28.4,西表島付近,24°24.4′N,123°47.7′E,6 km,3.0,震度４
1992/10/18,09:51:52.6,西表島付近,24°23.8′N,123°47.3′E,5 km,3.1,震度４
1992/10/18,04:28:10.0,西表島付近,24°23.7′N,123°47.5′E,1 km,不明,震度５
1992/10/18,04:27:35.3,西表島付近,24°23.7′N,123°47.7′E,4 km,不明,震度４
1992/10/17,23:37:36.6,新島・神津島近海,34°16.7′N,139°13.5′E,4 km,5.1,震度４
1992/10/17,13:06:18.0,西表島付近,24°24.2′N,123°47.5′E,4 km,不明,震度４
1992/10/17,13:03:36.7,西表島付近,24°23.6′N,123°47.2′E,5 km,不明,震度４
1992/10/16,06:22:58.0,西表島付近,24°24.7′N,123°46.7′E,0 km,不明,震度４
1992/10/15,22:26:58.2,西表島付近,24°25.9′N,123°45.3′E,6 km,3.3,震度４
1992/10/15,18:58,詳細不明,24°23.0′N,123°45.0′E,0 km,不明,震度５
1992/10/14,14:05:09.3,西表島付近,24°25.2′N,123°46.5′E,3 km,2.9,震度４
1992/10/14,13:29:22.0,西表島付近,24°23.4′N,123°46.7′E,7 km,3.0,震度４
1992/10/14,13:27:49.2,西表島付近,24°25.3′N,123°46.2′E,8 km,4.4,震度４
1992/10/14,13:16:56.6,西表島付近,24°25.1′N,123°46.2′E,5 km,不明,震度４
1992/10/14,13:15:35.0,西表島付近,24°25.7′N,123°45.6′E,4 km,4.9,震度５
1992/10/11,05:18:12.4,西表島付近,24°28.1′N,123°45.2′E,3 km,2.4,震度４
1992/10/10,12:26:49.8,西表島付近,24°26.1′N,123°44.8′E,5 km,3.3,震度４
1992/10/08,18:48:23.8,西表島付近,24°26.6′N,123°45.1′E,3 km,2.9,震度４
1992/10/07,21:25:49.4,西表島付近,24°25.7′N,123°45.2′E,7 km,不明,震度４
1992/09/30,04:59:02.3,西表島付近,24°25.7′N,123°45.2′E,5 km,2.9,震度４
1992/09/29,23:29:07.7,西表島付近,24°28.5′N,123°45.0′E,8 km,3.6,震度４
1992/09/24,19:32:08.8,西表島付近,24°27.7′N,123°45.1′E,2 km,4.1,震度４
1992/09/23,12:55:15.8,西表島付近,24°27.4′N,123°44.3′E,4 km,3.2,震度４
1992/09/23,12:37:48.0,西表島付近,24°27.3′N,123°44.7′E,4 km,3.4,震度４
1992/09/22,17:20:46.9,栃木県南部,36°42.2′N,139°32.3′E,8 km,4.1,震度４
1992/09/20,21:52:23.8,西表島付近,24°28.7′N,123°44.2′E,2 km,4.0,震度４
1992/09/19,18:51:50.4,西表島付近,24°27.5′N,123°44.2′E,6 km,3.2,震度４
1992/08/24,15:59:41.7,渡島地方東部,41°56.4′N,140°47.2′E,121 km,6.1,震度４
1992/08/24,12:04:37.8,西表島付近,24°18.8′N,123°38.1′E,9 km,5.1,震度４
1992/08/08,23:52:21.1,浦河沖,42°00.8′N,142°40.9′E,46 km,5.2,震度４
1992/07/12,20:08:55.6,青森県東方沖,41°27.9′N,142°02.1′E,64 km,6.3,震度４
1992/06/15,10:46:34.0,新島・神津島近海,34°09.1′N,139°06.3′E,7 km,5.2,震度５
1992/05/11,19:07:53.2,茨城県北部,36°32.0′N,140°32.2′E,56 km,5.6,震度４
1992/04/14,12:03:54.9,茨城県南部,36°10.7′N,139°49.8′E,62 km,5.0,震度４
1992/04/13,14:58:45.3,岩手県沖,39°07.3′N,142°23.5′E,51 km,5.4,震度４
1992/02/02,04:04:05.7,東京湾,35°13.8′N,139°47.3′E,92 km,5.7,震度５
1991/12/12,11:27:46.1,茨城県沖,36°27.9′N,140°39.5′E,48 km,4.8,震度４
1991/11/27,04:40:48.9,浦河沖,42°00.0′N,142°39.7′E,64 km,6.3,震度４
1991/11/19,17:24:02.6,東京湾,35°36.5′N,140°01.3′E,81 km,4.9,震度４
1991/10/28,10:09:12.8,周防灘,33°55.4′N,131°09.9′E,19 km,6.0,震度４
1991/10/25,19:39:03.6,釧路地方中南部,43°12.4′N,144°26.4′E,105 km,5.7,震度４
1991/10/19,08:31:16.9,茨城県南部,36°05.2′N,139°55.0′E,59 km,4.5,震度４
1991/09/18,21:17:51.3,西表島付近,24°15.3′N,123°44.9′E,5 km,2.6,震度４
1991/09/03,17:44:47.4,三宅島近海,33°41.2′N,138°49.7′E,33 km,6.3,震度４
1991/08/28,10:29:02.2,島根県東部,35°19.4′N,133°11.2′E,13 km,5.9,震度４
1991/08/22,19:29:12.0,和歌山県北部,34°12.4′N,135°11.0′E,6 km,3.6,震度４
1991/08/06,23:49:31.8,千葉県東方沖,35°49.1′N,141°09.4′E,43 km,5.9,震度４
1991/06/27,09:11:03.1,長崎県島原半島,32°39.8′N,130°08.3′E,9 km,4.9,震度４
1991/06/25,12:49:17.9,茨城県沖,36°38.6′N,140°58.1′E,49 km,5.2,震度４
1991/06/15,14:49:47.1,奄美大島近海,28°26.7′N,129°40.5′E,24 km,4.9,震度４
1991/06/15,10:21:41.1,岩手県沿岸北部,39°28.3′N,141°53.8′E,61 km,5.4,震度４
1991/04/26,11:45:42.1,長崎県島原半島,32°47.2′N,130°14.4′E,7 km,3.5,震度４
1991/04/25,07:12:04.3,静岡県中部,35°03.7′N,138°12.1′E,32 km,4.9,震度４
1991/04/24,09:32:02.3,釧路沖,42°43.0′N,144°50.8′E,52 km,5.5,震度４
1991/04/17,00:12:08.2,西表島付近,24°24.2′N,123°45.4′E,6 km,3.3,震度４
1991/04/13,19:48:09.4,西表島付近,24°25.4′N,123°47.2′E,5 km,4.1,震度４
1991/03/31,14:26:39.4,西表島付近,24°25.5′N,123°46.7′E,1 km,4.4,震度４
1991/03/26,08:38:58.7,西表島付近,24°25.3′N,123°46.3′E,6 km,2.9,震度４
1991/03/08,13:24,詳細不明,24°23.0′N,123°45.0′E,0 km,不明,震度４
1991/03/08,08:05:13.2,西表島付近,24°21.5′N,123°44.4′E,2 km,2.4,震度４
1991/03/08,06:16:51.3,西表島付近,24°25.5′N,123°45.0′E,4 km,4.0,震度４
1991/02/27,09:36:00.2,西表島付近,24°15.4′N,123°45.5′E,16 km,4.1,震度４
1991/02/13,00:30:45.8,西表島付近,24°30.8′N,123°47.3′E,3 km,4.4,震度４
1990/12/07,18:40:44.6,新潟県中越地方,37°12.9′N,138°33.5′E,4 km,5.3,震度４
1990/11/23,19:33:31.0,鳥取県西部,35°16.4′N,133°21.6′E,14 km,5.2,震度４
1990/10/06,23:33:01.7,茨城県北部,36°29.3′N,140°36.6′E,51 km,5.2,震度４
1990/08/23,11:44:56.6,千葉県東方沖,35°21.7′N,140°24.1′E,50 km,5.2,震度４
1990/08/23,08:47:07.2,千葉県北東部,35°20.9′N,140°23.6′E,50 km,5.5,震度４
1990/08/05,16:13:02.1,神奈川県西部,35°12.6′N,139°05.5′E,14 km,5.3,震度４
1990/08/05,12:36:25.1,茨城県沖,36°24.3′N,141°06.4′E,39 km,5.8,震度４
1990/06/05,22:42:52.9,神奈川県西部,35°33.4′N,139°11.6′E,123 km,5.3,震度４
1990/06/01,10:22:09.2,千葉県東方沖,35°38.7′N,140°43.6′E,59 km,6.0,震度４
1990/05/24,21:09:37.7,奄美大島近海,28°05.0′N,129°51.8′E,20 km,5.3,震度４
1990/05/03,16:45:43.4,茨城県北部,36°26.2′N,140°36.6′E,58 km,5.4,震度４
1990/04/25,11:24:20.9,西表島付近,24°34.2′N,123°35.5′E,7 km,5.1,震度４
1990/04/11,16:53:37.3,十勝沖,42°28.8′N,144°09.7′E,69 km,5.5,震度４
1990/02/20,15:53:39.8,伊豆大島近海,34°45.8′N,139°13.8′E,6 km,6.5,震度４
1990/02/12,02:46:06.6,茨城県沖,36°24.3′N,141°01.0′E,38 km,5.5,震度４
1990/01/11,20:10:51.7,滋賀県南部,35°06.8′N,135°58.5′E,11 km,5.0,震度４
1989/12/09,02:23:30.8,茨城県沖,36°35.9′N,141°04.3′E,46 km,5.6,震度４
1989/11/02,03:25:33.5,三陸沖,39°51.5′N,143°03.2′E,0 km,7.1,震度４
1989/10/14,06:19:58.6,伊豆大島近海,34°49.6′N,139°30.0′E,21 km,5.7,震度４
1989/07/09,11:09:56.6,静岡県伊豆地方,34°59.5′N,139°05.8′E,3 km,4.8,震度４
1989/07/09,11:09:11.6,伊豆半島東方沖,34°59.7′N,139°06.5′E,3 km,5.5,震度４
1989/07/07,00:01:44.2,静岡県伊豆地方,34°58.7′N,139°07.8′E,5 km,5.3,震度４
1989/07/06,05:30:08.3,静岡県伊豆地方,34°58.7′N,139°06.9′E,2 km,4.6,震度４
1989/07/05,02:28:21.4,伊豆半島東方沖,34°59.1′N,139°07.2′E,2 km,5.0,震度４
1989/03/06,23:39:44.3,千葉県東方沖,35°41.8′N,140°42.6′E,56 km,6.0,震度５
1989/02/19,21:27:09.7,茨城県南部,36°01.3′N,139°54.3′E,55 km,5.6,震度４
1989/01/25,05:03:38.0,浦河沖,42°07.4′N,142°47.2′E,49 km,5.8,震度４
1988/10/10,14:52:12.8,釧路沖,42°38.2′N,144°29.5′E,71 km,5.8,震度４
1988/09/29,17:23:34.1,埼玉県南部,35°55.3′N,139°11.2′E,15 km,5.1,震度４
1988/09/26,17:23:19.1,千葉県東方沖,35°32.7′N,141°10.7′E,36 km,5.8,震度４
1988/09/05,00:49:22.4,山梨県東部・富士五湖,35°30.0′N,138°59.0′E,30 km,5.6,震度４
1988/08/12,14:14:53.9,千葉県南部,35°05.9′N,139°51.8′E,69 km,5.3,震度４
1988/08/01,10:39:24.3,伊豆半島東方沖,34°58.0′N,139°09.8′E,5 km,5.0,震度４
1988/08/01,03:24:20.7,伊豆半島東方沖,34°56.5′N,139°10.1′E,4 km,4.7,震度４
1988/08/01,01:10:19.0,伊豆半島東方沖,34°57.9′N,139°09.6′E,2 km,4.9,震度４
1988/07/31,08:40:44.0,伊豆半島東方沖,34°58.0′N,139°12.8′E,5 km,5.2,震度４
1988/05/07,10:59:27.0,十勝沖,42°29.2′N,143°51.7′E,93 km,6.1,震度４
1988/03/18,05:34:29.4,東京都２３区,35°39.9′N,139°38.6′E,96 km,5.8,震度４
1987/12/17,11:08:16.8,千葉県東方沖,35°22.5′N,140°29.6′E,58 km,6.7,震度５
1987/11/18,00:57:22.5,山口県北部,34°14.5′N,131°27.4′E,8 km,5.4,震度４
1987/11/08,05:41:48.1,福島県会津,37°31.6′N,140°04.1′E,9 km,4.3,震度４
1987/11/07,07:27:14.1,根室半島南東沖,43°18.2′N,146°08.7′E,48 km,5.4,震度４
1987/10/04,19:27:19.6,福島県沖,37°18.0′N,141°43.9′E,42 km,5.8,震度４
1987/06/30,18:17:07.7,茨城県南部,36°11.2′N,140°05.1′E,57 km,5.1,震度４
1987/05/12,05:51:43.2,宮城県沖,38°51.8′N,142°08.0′E,50 km,5.7,震度４
1987/04/30,10:10:30.8,奄美大島近海,28°23.2′N,129°46.5′E,9 km,5.2,震度５
1987/04/23,05:13:23.4,福島県沖,37°05.5′N,141°37.4′E,47 km,6.5,震度５
1987/04/10,19:59:40.2,茨城県南部,36°07.4′N,139°52.3′E,61 km,5.1,震度４
1987/04/07,09:40:43.4,福島県沖,37°18.2′N,141°51.8′E,44 km,6.6,震度５
1987/03/24,21:49:47.4,新潟県上中越沖,37°28.9′N,137°54.2′E,22 km,5.9,震度４
1987/03/18,12:36:29.0,日向灘,31°58.4′N,132°03.7′E,48 km,6.6,震度５
1987/02/13,19:01:37.7,茨城県沖,36°37.3′N,141°03.6′E,48 km,5.3,震度４
1987/02/06,22:16:15.3,福島県沖,36°57.9′N,141°53.6′E,35 km,6.7,震度５
1987/02/06,21:23:44.6,福島県沖,36°56.4′N,141°55.9′E,30 km,6.4,震度４
1987/01/17,19:04:08.2,岩手県沿岸北部,39°50.1′N,141°49.1′E,72 km,5.2,震度４
1987/01/14,20:03:49.6,十勝地方南部,42°32.2′N,142°55.7′E,119 km,6.6,震度５
1987/01/10,02:40:34.3,岩手県沿岸北部,39°50.4′N,141°47.0′E,75 km,4.9,震度４
1987/01/09,15:14:46.0,岩手県沿岸北部,39°50.2′N,141°46.6′E,72 km,6.6,震度５
1986/12/30,09:38:32.3,長野県北部,36°38.4′N,137°55.3′E,3 km,5.9,震度４
1986/12/01,05:15:31.5,宮城県沖,38°52.5′N,142°08.2′E,51 km,6.0,震度４
1986/11/29,07:29:35.4,茨城県沖,36°23.7′N,141°10.6′E,42 km,5.8,震度４
1986/11/23,15:14:47.6,伊豆大島近海,34°47.6′N,139°19.7′E,0 km,3.1,震度４
1986/11/23,07:40:30.1,伊豆大島近海,34°43.8′N,139°16.6′E,10 km,4.3,震度４
1986/11/22,19:50:58.9,伊豆大島近海,34°45.5′N,139°20.2′E,8 km,3.7,震度４
1986/11/22,15:10:36.8,伊豆大島近海,34°47.6′N,139°18.5′E,0 km,3.3,震度４
1986/11/22,14:13:22.3,伊豆大島近海,34°43.1′N,139°20.2′E,3 km,3.9,震度５
1986/11/22,14:04:37.4,伊豆大島近海,34°47.3′N,139°25.6′E,1 km,2.0,震度４
1986/11/22,12:42:08.9,伊豆大島近海,34°44.7′N,139°16.5′E,16 km,不明,震度４
1986/11/22,12:42:01.6,伊豆大島近海,34°44.9′N,139°17.3′E,4 km,3.7,震度４
1986/11/22,12:13:47.6,伊豆大島近海,34°47.0′N,139°21.3′E,12 km,2.5,震度４
1986/11/22,11:46:49.2,伊豆大島近海,34°46.5′N,139°16.9′E,3 km,4.0,震度５
1986/11/22,11:41:22.6,伊豆大島近海,34°47.3′N,139°20.1′E,2 km,3.6,震度４
1986/11/22,09:41:44.7,伊豆大島近海,34°33.0′N,139°31.3′E,15 km,6.0,震度４
1986/11/21,17:16:21.6,伊豆大島近海,34°46.1′N,139°15.9′E,0 km,4.4,震度４
1986/11/21,17:12:41.6,伊豆大島近海,34°44.8′N,139°18.7′E,9 km,5.1,震度５
1986/11/21,17:09:46.0,伊豆大島近海,34°42.0′N,139°16.1′E,0 km,5.1,震度５
1986/11/21,17:09:05.4,伊豆大島近海,34°44.1′N,139°19.4′E,0 km,4.7,震度４
1986/11/21,17:07:15.5,伊豆大島近海,34°43.6′N,139°22.5′E,7 km,3.7,震度４
1986/11/21,16:57:18.7,伊豆大島近海,34°44.5′N,139°20.5′E,2 km,3.4,震度４
1986/11/21,16:41:46.8,伊豆大島近海,34°47.9′N,139°20.6′E,3 km,4.3,震度４
1986/11/21,16:34:01.2,伊豆大島近海,34°46.7′N,139°20.2′E,4 km,3.7,震度４
1986/11/21,16:31:39.3,伊豆大島近海,34°43.5′N,139°20.5′E,7 km,4.0,震度４
1986/11/21,16:30:03.1,伊豆大島近海,34°39.6′N,139°21.5′E,9 km,3.4,震度４
1986/11/21,16:18:06.0,伊豆大島近海,34°44.9′N,139°23.4′E,3 km,3.7,震度４
1986/11/21,16:14:54.0,伊豆大島近海,34°42.9′N,139°20.9′E,0 km,3.9,震度４
1986/11/21,16:00,詳細不明,34°45.0′N,139°22.0′E,0 km,不明,震度４
1986/11/21,15:50:06.2,伊豆大島近海,34°43.0′N,139°27.6′E,6 km,3.0,震度４
1986/11/21,15:39:37.4,伊豆大島近海,34°45.8′N,139°23.3′E,3 km,3.1,震度４
1986/11/18,14:55:19.5,伊豆大島近海,34°46.5′N,139°22.6′E,8 km,3.4,震度４
1986/11/16,18:46:40.4,伊豆大島近海,34°46.5′N,139°19.7′E,1 km,3.7,震度４
1986/10/14,06:17:49.3,福島県沖,37°04.1′N,141°13.1′E,53 km,5.7,震度４
1986/06/24,11:53:09.7,千葉県南東沖,34°49.6′N,140°43.0′E,73 km,6.4,震度４
1986/05/24,17:08:24.3,熊本県阿蘇地方,33°02.3′N,131°09.7′E,6 km,4.7,震度４
1986/03/24,11:01:28.5,奄美大島近海,28°30.7′N,130°15.7′E,18 km,6.1,震度４
1986/03/02,16:09:26.0,宮城県沖,38°28.4′N,142°18.7′E,33 km,6.0,震度４
1986/02/12,11:59:31.6,茨城県沖,36°25.2′N,141°04.8′E,44 km,6.1,震度４
1985/12/02,16:14:37.7,青森県西方沖,41°07.9′N,139°55.3′E,31 km,5.7,震度４
1985/10/18,12:22:21.0,能登半島沖,37°39.8′N,136°55.6′E,19 km,5.7,震度４
1985/10/04,21:25:51.6,茨城県南部,35°52.3′N,140°09.3′E,78 km,6.0,震度５
1985/08/12,12:49:16.6,福島県沖,37°42.3′N,141°53.5′E,52 km,6.4,震度４
1985/05/13,19:41:00.3,愛媛県南予,32°59.9′N,132°35.0′E,39 km,6.0,震度４
1985/04/29,11:19:59.2,青森県東方沖,41°27.8′N,142°02.9′E,59 km,5.9,震度４
1985/04/11,01:26:19.8,鳥島近海,29°58.0′N,139°16.9′E,415 km,6.6,震度４
1985/03/29,01:07:08.0,秋田県内陸北部,40°17.9′N,140°35.0′E,164 km,6.4,震度４
1985/03/27,21:48:13.8,国後島付近,43°58.8′N,146°41.8′E,157 km,6.2,震度４
1985/03/20,14:53:50.1,茨城県南部,36°04.6′N,139°53.1′E,54 km,4.7,震度４
1985/03/01,05:53:47.2,沖縄本島近海,27°21.2′N,128°42.3′E,68 km,5.9,震度４
1985/01/06,00:45:38.5,和歌山県北部,34°11.0′N,135°32.9′E,70 km,5.8,震度４
1984/12/11,12:56:42.5,栃木県北部,36°38.8′N,139°26.6′E,9 km,4.6,震度４
1984/10/19,21:58:02.5,長崎県南西部,32°48.2′N,130°07.9′E,10 km,4.9,震度４
1984/09/19,02:02:41.6,関東東方沖,34°03.3′N,141°32.9′E,13 km,6.6,震度４
1984/09/14,08:48:49.4,長野県南部,35°49.5′N,137°33.4′E,2 km,6.8,震度４
1984/08/30,08:51:46.8,長崎県島原半島,32°45.9′N,130°15.0′E,0 km,2.6,震度４
1984/08/29,04:04:29.5,沖縄本島近海,27°19.1′N,128°46.5′E,76 km,5.8,震度４
1984/08/15,22:58:29.1,橘湾,32°45.7′N,130°09.9′E,6 km,4.2,震度４
1984/08/15,03:30:12.0,薩摩半島西方沖,31°32.8′N,130°03.8′E,13 km,5.5,震度４
1984/08/07,21:50:59.4,長崎県島原半島,32°47.5′N,130°12.5′E,4 km,4.5,震度４
1984/08/07,04:50:15.8,長崎県島原半島,32°46.1′N,130°13.0′E,6 km,3.9,震度４
1984/08/07,04:06:38.9,日向灘,32°23.0′N,132°09.2′E,33 km,7.1,震度４
1984/08/07,03:05:39.4,橘湾,32°45.5′N,130°12.9′E,9 km,3.8,震度４
1984/08/06,21:26:30.9,長崎県島原半島,32°47.6′N,130°14.4′E,1 km,2.6,震度４
1984/08/06,21:20:57.0,長崎県島原半島,32°46.2′N,130°13.4′E,6 km,2.8,震度４
1984/08/06,21:12:57.3,橘湾,32°44.9′N,130°12.4′E,13 km,2.8,震度４
1984/08/06,19:49:37.1,橘湾,32°46.8′N,130°11.9′E,8 km,4.4,震度４
1984/08/06,19:34:34.5,長崎県島原半島,32°45.7′N,130°13.3′E,6 km,3.4,震度４
1984/08/06,18:46:16.2,長崎県島原半島,32°46.0′N,130°13.4′E,8 km,2.8,震度４
1984/08/06,18:42,詳細不明,32°44.0′N,130°16.0′E,0 km,不明,震度４
1984/08/06,18:41:18.0,長崎県島原半島,32°46.7′N,130°12.9′E,10 km,4.2,震度４
1984/08/06,18:37:06.4,橘湾,32°45.2′N,130°11.9′E,10 km,4.0,震度４
1984/08/06,18:33:09.7,長崎県島原半島,32°45.3′N,130°13.4′E,5 km,2.7,震度４
1984/08/06,17:46:23.0,橘湾,32°44.4′N,130°11.9′E,12 km,3.8,震度４
1984/08/06,17:40,詳細不明,32°44.0′N,130°16.0′E,0 km,不明,震度４
1984/08/06,17:38:10.9,橘湾,32°47.5′N,130°09.6′E,11 km,5.0,震度５
1984/08/06,17:35:39.7,橘湾,32°47.6′N,130°10.0′E,15 km,4.4,震度４
1984/08/06,17:30:05.9,橘湾,32°45.6′N,130°10.6′E,7 km,5.7,震度４
1984/08/06,17:28:13.2,橘湾,32°45.7′N,130°09.9′E,6 km,5.0,震度４
1984/07/20,08:25:12.3,奄美大島近海,28°04.1′N,129°36.0′E,49 km,5.9,震度４
1984/06/30,02:45:26.4,茨城県南部,36°08.9′N,139°51.5′E,61 km,5.1,震度４
1984/05/30,12:42:00.9,兵庫県南西部,34°56.9′N,134°36.3′E,18 km,4.1,震度４
1984/05/30,10:02:54.8,兵庫県南西部,34°56.7′N,134°37.2′E,16 km,5.1,震度４
1984/05/30,09:39:44.8,兵庫県南西部,34°57.8′N,134°35.4′E,17 km,5.6,震度４
1984/03/06,11:17:20.4,鳥島近海,29°20.6′N,139°12.1′E,452 km,7.6,震度４
1984/01/18,00:31:56.3,茨城県沖,36°26.9′N,141°15.8′E,43 km,5.9,震度４
1984/01/01,18:03:41.0,三重県南東沖,33°37.4′N,136°50.3′E,388 km,7.0,震度４
1983/12/30,21:51:14.0,伊豆大島近海,34°43.1′N,139°17.2′E,0 km,3.5,震度４
1983/12/30,18:55:53.1,伊豆大島近海,34°44.0′N,139°18.1′E,5 km,3.2,震度４
1983/12/05,10:53:38.8,日向灘,32°29.9′N,131°55.2′E,41 km,5.3,震度４
1983/11/30,11:56:46.7,浦河沖,41°45.8′N,142°54.9′E,56 km,6.0,震度４
1983/10/31,01:55:25.9,鳥取県東部,35°26.4′N,133°59.3′E,13 km,5.7,震度４
1983/10/31,01:51:56.0,鳥取県中部,35°25.0′N,133°55.4′E,15 km,6.2,震度４
1983/10/28,10:50:32.4,茨城県南部,36°12.4′N,140°01.2′E,60 km,5.2,震度４
1983/10/23,13:44:44.0,浦河沖,41°48.9′N,142°37.2′E,77 km,5.7,震度４
1983/10/15,11:58:08.1,茨城県南部,36°05.5′N,139°53.2′E,56 km,4.8,震度４
1983/10/03,22:33:35.9,三宅島近海,34°00.4′N,139°30.7′E,15 km,6.2,震度５
1983/10/03,22:23:33.4,新島・神津島近海,34°14.9′N,139°05.1′E,5 km,3.8,震度４
1983/08/26,05:23:34.4,大分県北部,33°33.4′N,131°36.3′E,116 km,6.6,震度４
1983/08/08,12:47:58.6,山梨県東部・富士五湖,35°31.3′N,139°01.3′E,22 km,6.0,震度４
1983/07/02,07:03:41.6,福島県沖,36°54.5′N,141°11.3′E,54 km,5.8,震度４
1983/06/21,15:25:25.0,青森県西方沖,41°15.9′N,139°00.0′E,6 km,7.1,震度４
1983/06/09,22:03:56.8,秋田県沖,40°11.3′N,138°51.1′E,14 km,6.0,震度４
1983/06/09,21:49:01.2,秋田県沖,40°13.2′N,138°54.0′E,23 km,6.1,震度４
1983/05/30,05:53:57.9,十勝沖,42°36.3′N,143°34.5′E,84 km,5.5,震度４
1983/05/26,11:59:57.5,秋田県沖,40°21.6′N,139°04.4′E,14 km,7.7,震度５
1983/04/24,20:21:54.9,茨城県南部,36°02.1′N,139°56.2′E,55 km,4.5,震度４
1983/03/16,02:27:25.8,静岡県西部,34°47.6′N,137°36.7′E,40 km,5.7,震度４
1983/02/27,21:14:20.7,茨城県南部,35°56.4′N,140°09.1′E,72 km,6.0,震度４
1983/01/31,07:45:41.4,八丈島東方沖,33°33.2′N,140°54.1′E,34 km,5.6,震度４
1983/01/04,16:03:12.7,日高地方東部,42°14.8′N,142°46.6′E,65 km,5.3,震度４
1982/12/28,15:37:42.0,三宅島近海,33°52.0′N,139°27.0′E,20 km,6.4,震度４
1982/12/27,20:33:18.0,三宅島近海,33°45.0′N,139°23.0′E,20 km,5.5,震度４
1982/09/22,19:39:11.2,浦河沖,42°07.0′N,142°40.0′E,20 km,4.7,震度４
1982/08/12,13:33:00.0,伊豆大島近海,34°53.0′N,139°34.0′E,30 km,5.7,震度４
1982/07/23,23:23:50.9,茨城県沖,36°11.0′N,141°57.0′E,30 km,7.0,震度４
1982/06/01,05:13:06.7,宮城県沖,38°41.0′N,142°20.0′E,40 km,6.2,震度４
1982/05/22,10:35:35.5,浦河沖,42°05.0′N,142°39.0′E,30 km,5.4,震度４
1982/03/21,19:22:34.2,浦河沖,42°08.0′N,142°38.0′E,40 km,5.8,震度４
1982/03/21,11:32:05.7,浦河沖,42°04.0′N,142°36.0′E,40 km,7.1,震度６
1982/03/07,08:14:35.5,茨城県沖,36°28.0′N,140°39.0′E,60 km,5.5,震度４
1981/12/02,15:24:44.6,青森県東方沖,40°53.0′N,142°36.0′E,60 km,6.2,震度４
1981/11/23,19:17:24.4,根室半島南東沖,42°59.0′N,146°11.0′E,40 km,6.0,震度４
1981/09/03,14:35:46.9,北海道東方沖,43°28.0′N,146°49.0′E,30 km,6.5,震度４
1981/09/02,18:24:44.1,千葉県東方沖,35°48.0′N,141°08.0′E,40 km,5.8,震度４
1981/04/11,15:00:08.8,熊本県熊本地方,32°49.0′N,130°42.0′E,10 km,3.5,震度４
1981/02/24,15:45:10.9,奄美大島近海,28°12.0′N,129°42.0′E,40 km,5.5,震度４
1981/01/30,06:19:34.0,天草灘,32°26.0′N,129°51.0′E,0 km,5.3,震度４
1981/01/28,12:47:43.8,茨城県南部,36°10.0′N,139°51.0′E,60 km,5.1,震度４
1981/01/23,13:58:30.7,浦河沖,42°25.0′N,142°12.0′E,130 km,6.9,震度５
1981/01/19,03:17:23.9,三陸沖,38°36.0′N,142°58.0′E,0 km,7.0,震度４
1981/01/14,15:01:11.7,種子島近海,30°38.0′N,130°59.0′E,10 km,5.2,震度４
1981/01/03,00:39:48.0,奄美大島北西沖,29°04.0′N,128°24.0′E,220 km,6.6,震度４
1980/12/12,08:10:02.1,日向灘,32°23.0′N,131°55.0′E,40 km,6.0,震度４
1980/11/27,08:49:03.0,青森県三八上北地方,40°26.0′N,141°30.0′E,90 km,5.7,震度４
1980/10/20,12:29:22.5,八丈島東方沖,33°15.0′N,140°46.0′E,50 km,5.3,震度４
1980/10/09,11:07:32.4,茨城県沖,36°20.0′N,141°00.0′E,40 km,5.2,震度４
1980/09/25,02:54:23.1,千葉県北西部,35°31.0′N,140°13.0′E,80 km,6.0,震度４
1980/09/24,04:10:23.2,埼玉県南部,35°58.0′N,139°48.0′E,80 km,5.4,震度４
1980/08/07,14:44:12.2,長崎県島原半島,32°41.0′N,130°13.0′E,0 km,3.7,震度４
1980/06/29,16:20:07.5,伊豆半島東方沖,34°55.0′N,139°14.0′E,10 km,6.7,震度５
1980/06/28,12:05:02.0,伊豆半島東方沖,34°56.0′N,139°12.0′E,0 km,5.0,震度４
1980/06/27,06:06:23.5,伊豆半島東方沖,34°56.0′N,139°13.0′E,0 km,5.0,震度４
1980/04/22,14:34:15.5,東海道南方沖,32°09.0′N,137°55.0′E,400 km,6.5,震度４
1980/02/24,07:38:51.3,北海道東方沖,43°11.0′N,147°04.0′E,30 km,5.9,震度４
1980/02/23,14:51:05.4,北海道東方沖,43°27.0′N,146°33.0′E,30 km,6.8,震度４
1980/01/13,00:57:01.3,十勝沖,41°38.0′N,143°53.0′E,60 km,6.1,震度４
1979/12/30,00:06:06.5,日高地方東部,42°14.0′N,143°02.0′E,70 km,5.6,震度４
1979/12/14,16:19:14.2,釧路沖,42°45.0′N,144°29.0′E,70 km,5.5,震度４
1979/10/28,14:39:35.2,千葉県東方沖,35°07.0′N,140°45.0′E,90 km,5.4,震度４
1979/07/13,17:10:12.9,周防灘,33°51.0′N,132°03.0′E,70 km,6.0,震度４
1979/07/04,15:07:46.4,北海道東方沖,43°46.0′N,146°39.0′E,50 km,5.9,震度４
1979/05/17,18:56:22.1,釧路沖,42°46.0′N,144°49.0′E,60 km,4.9,震度４
1979/04/12,13:58:57.5,三重県中部,34°47.0′N,136°03.0′E,10 km,4.3,震度４
1978/12/06,23:02:03.6,択捉島付近,44°44.0′N,146°58.0′E,100 km,7.2,震度４
1978/12/03,22:15:56.8,伊豆半島東方沖,34°53.0′N,139°11.0′E,20 km,5.5,震度４
1978/11/07,00:08:57.2,日高地方東部,42°12.0′N,143°08.0′E,70 km,5.3,震度４
1978/10/29,07:46:34.1,釧路沖,42°26.0′N,144°23.0′E,70 km,5.2,震度４
1978/10/11,10:49:01.9,八丈島東方沖,33°34.0′N,140°53.0′E,50 km,5.7,震度４
1978/09/29,06:12:45.3,青森県西方沖,40°34.0′N,139°48.0′E,20 km,4.2,震度４
1978/09/11,16:40:52.2,宮古島近海,24°25.0′N,125°12.0′E,30 km,6.0,震度４
1978/07/16,02:44:55.6,浦河沖,41°51.0′N,142°39.0′E,60 km,5.5,震度４
1978/07/04,11:40:55.4,宮崎県北部山沿い,32°40.0′N,131°21.0′E,120 km,6.0,震度４
1978/06/21,19:54:21.3,宮城県沖,38°15.0′N,142°00.0′E,50 km,5.8,震度４
1978/06/14,20:34:18.9,宮城県沖,38°21.0′N,142°29.0′E,40 km,6.3,震度４
1978/06/12,17:14:25.4,宮城県沖,38°09.0′N,142°10.0′E,40 km,7.4,震度５
1978/06/04,05:03:53.2,島根県東部,35°05.0′N,132°42.0′E,0 km,6.1,震度４
1978/05/23,16:50:28.4,種子島近海,30°59.0′N,130°22.0′E,160 km,6.4,震度４
1978/05/16,17:23:57.5,青森県東方沖,40°56.0′N,141°27.0′E,10 km,5.8,震度４
1978/05/16,16:35:45.2,青森県東方沖,40°57.0′N,141°28.0′E,10 km,5.8,震度４
1978/04/08,01:21:18.6,千葉県東方沖,35°38.0′N,140°53.0′E,60 km,4.9,震度４
1978/04/07,08:29:48.9,千葉県東方沖,35°03.0′N,141°22.0′E,30 km,6.1,震度４
1978/04/03,11:04:07.6,福井県嶺北,36°04.0′N,136°18.0′E,10 km,4.8,震度４
1978/03/20,19:24:13.2,茨城県南部,36°05.0′N,139°53.0′E,60 km,5.5,震度４
1978/03/16,07:04:42.3,小笠原諸島西方沖,26°35.0′N,141°04.0′E,280 km,6.6,震度４
1978/03/13,02:59:48.7,宮城県沖,38°45.0′N,142°00.0′E,60 km,5.0,震度４
1978/03/07,11:48:48.6,東海道南方沖,32°08.0′N,137°44.0′E,440 km,7.2,震度４
1978/02/22,14:52:55.5,伊豆大島近海,34°44.0′N,139°19.0′E,0 km,4.1,震度４
1978/02/20,13:36:57.2,宮城県沖,38°45.0′N,142°12.0′E,50 km,6.7,震度５
1978/01/30,09:00:26.4,伊豆大島近海,34°47.0′N,139°22.0′E,0 km,4.5,震度４
1978/01/15,07:31:46.9,静岡県伊豆地方,34°50.0′N,138°53.0′E,20 km,5.8,震度４
1978/01/14,15:30:35.4,伊豆大島近海,34°46.0′N,139°28.0′E,10 km,3.4,震度４
1978/01/14,12:30,詳細不明,34°45.0′N,139°22.0′E,0 km,不明,震度４
1978/01/14,12:24:38.6,伊豆大島近海,34°46.0′N,139°15.0′E,0 km,7.0,震度５
1978/01/14,09:55:30.2,伊豆大島近海,34°41.0′N,139°20.0′E,0 km,4.1,震度４
1978/01/14,09:47:36.4,伊豆大島近海,34°40.0′N,139°13.0′E,0 km,5.2,震度４
1978/01/14,09:45:33.7,伊豆大島近海,34°44.0′N,139°16.0′E,0 km,5.2,震度４
1978/01/14,09:36:14.6,伊豆大島近海,34°43.0′N,139°17.0′E,0 km,4.8,震度４
1977/12/17,00:10:28.2,茨城県沖,36°35.0′N,141°05.0′E,50 km,5.6,震度４
1977/10/05,00:38:56.8,茨城県南部,36°08.0′N,139°52.0′E,60 km,5.5,震度４
1977/08/17,00:32:41.4,和歌山県北部,34°09.0′N,135°12.0′E,0 km,4.1,震度４
1977/08/07,04:27:16.5,和歌山県北部,34°12.0′N,135°12.0′E,0 km,4.6,震度４
1977/06/28,11:46:42.9,熊本県熊本地方,32°54.0′N,130°43.0′E,10 km,5.3,震度４
1977/06/22,16:11:26.3,千葉県東方沖,35°27.0′N,140°32.0′E,40 km,5.1,震度４
1977/06/08,23:25:46.1,宮城県沖,38°28.0′N,141°40.0′E,70 km,5.9,震度４
1977/04/19,15:14:59.3,茨城県沖,36°28.0′N,140°37.0′E,60 km,5.2,震度４
1977/03/07,18:12:33.6,根室半島南東沖,42°49.0′N,145°52.0′E,60 km,5.4,震度４
1977/02/24,20:39:57.3,日高地方中部,42°25.0′N,142°36.0′E,70 km,5.8,震度４
1977/02/19,05:51:30.9,八丈島東方沖,33°22.0′N,140°57.0′E,10 km,5.7,震度４
1976/12/29,23:36:50.6,群馬県北部,36°38.0′N,139°10.0′E,130 km,5.6,震度４
1976/10/06,22:38:42.4,福島県沖,37°04.0′N,141°25.0′E,70 km,5.9,震度４
1976/08/11,06:51:42.8,熊本県熊本地方,32°55.0′N,130°41.0′E,10 km,4.5,震度４
1976/06/20,13:38:05.8,宮古島近海,24°29.5′N,126°11.3′E,28 km,6.2,震度４
1976/06/16,07:36:19.2,山梨県東部・富士五湖,35°30.9′N,138°59.3′E,26 km,5.5,震度４
1975/12/03,16:14:32.3,根室半島南東沖,43°13.5′N,145°47.8′E,50 km,5.2,震度４
1975/10/30,10:41:31.9,浦河沖,41°58.1′N,142°44.6′E,55 km,6.0,震度４
1975/09/20,02:54:37.3,浦河沖,41°44.8′N,142°47.8′E,28 km,5.9,震度４
1975/04/21,02:35:50.2,大分県西部,33°10.2′N,131°18.9′E,0 km,6.4,震度４
1975/04/18,03:41:08.1,茨城県南部,36°10.2′N,139°50.3′E,56 km,5.0,震度４
1975/04/08,15:27:13.3,福島県沖,37°43.5′N,141°48.5′E,37 km,5.9,震度４
1975/04/02,17:44:00.5,八丈島東方沖,33°39.6′N,140°25.0′E,70 km,5.9,震度４
1975/02/08,01:41:15.1,千葉県北西部,35°48.9′N,140°07.1′E,61 km,5.4,震度４
1975/01/24,02:57:02.2,熊本県阿蘇地方,33°00.7′N,131°08.1′E,0 km,5.1,震度４
1975/01/23,23:31:08.8,熊本県阿蘇地方,33°01.2′N,131°07.7′E,0 km,4.9,震度４
1975/01/23,23:19:14.7,熊本県阿蘇地方,33°01.5′N,131°08.9′E,0 km,6.1,震度５
1975/01/23,22:54:47.9,熊本県阿蘇地方,33°02.1′N,131°08.1′E,1 km,4.3,震度４
1975/01/22,13:40:50.1,熊本県阿蘇地方,33°02.1′N,131°07.8′E,0 km,5.5,震度４
1974/11/30,07:05:21.4,鳥島近海,30°45.4′N,138°50.0′E,454 km,7.3,震度４
1974/11/16,08:32:43.0,千葉県東方沖,35°51.8′N,141°06.5′E,32 km,6.1,震度４
1974/11/09,06:23:21.9,苫小牧沖,42°32.5′N,141°45.4′E,136 km,6.3,震度５
1974/09/27,14:47:26.9,根室半島南東沖,42°56.0′N,146°50.8′E,40 km,6.6,震度４
1974/09/27,12:10:06.8,八丈島東方沖,33°47.6′N,141°13.7′E,9 km,6.3,震度４
1974/09/04,18:20:02.0,岩手県沖,40°12.0′N,141°54.6′E,41 km,5.6,震度４
1974/08/04,03:16:34.3,茨城県南部,36°04.3′N,139°53.6′E,53 km,5.8,震度４
1974/07/08,14:45:37.2,茨城県沖,36°23.2′N,141°11.1′E,50 km,6.3,震度４
1974/06/27,10:49:09.2,三宅島近海,33°48.1′N,139°23.6′E,23 km,6.1,震度４
1974/05/18,02:11:52.0,宮古島近海,24°50.0′N,125°49.1′E,30 km,5.7,震度４
1974/05/09,08:33:27.7,駿河湾,34°37.8′N,138°46.8′E,9 km,6.9,震度５
1974/03/03,13:50:49.4,千葉県東方沖,35°37.4′N,140°44.9′E,50 km,6.0,震度４
1974/01/31,16:03:56.7,日向灘,31°44.7′N,132°00.2′E,14 km,5.7,震度４
1974/01/25,04:12:49.6,十勝沖,41°55.6′N,144°10.3′E,34 km,6.1,震度４
1973/11/25,18:19:16.1,和歌山県北部,33°53.0′N,135°24.8′E,54 km,5.7,震度４
1973/11/25,13:24:48.8,和歌山県北部,33°51.7′N,135°25.9′E,54 km,5.9,震度４
1973/11/19,22:01:55.3,宮城県沖,38°51.7′N,142°05.9′E,46 km,6.3,震度４
1973/11/14,23:47:21.5,伊豆大島近海,34°42.9′N,139°15.2′E,0 km,4.1,震度４
1973/11/13,10:12:11.8,宮城県沖,38°37.2′N,142°15.8′E,60 km,5.5,震度４
1973/10/01,23:16:21.9,千葉県北東部,35°45.4′N,140°46.3′E,55 km,5.8,震度４
1973/09/30,15:17:52.5,千葉県北東部,35°42.9′N,140°39.0′E,51 km,5.9,震度４
1973/07/20,17:12:54.0,茨城県沖,36°22.6′N,140°59.2′E,41 km,5.9,震度４
1973/06/29,12:26:53.9,根室半島南東沖,43°15.7′N,145°59.4′E,49 km,5.8,震度４
1973/06/24,11:43:23.5,根室半島南東沖,43°09.8′N,146°37.9′E,52 km,7.1,震度５
1973/06/18,05:37:54.2,根室半島南東沖,42°34.1′N,146°12.4′E,45 km,6.1,震度４
1973/06/17,22:33:27.0,釧路沖,42°51.4′N,145°34.4′E,45 km,5.7,震度５
1973/06/17,21:14:27.1,釧路沖,42°56.6′N,145°31.9′E,47 km,5.2,震度４
1973/06/17,12:55:02.0,根室半島南東沖,43°03.5′N,145°58.2′E,44 km,7.4,震度５
1973/05/05,16:40:59.0,青森県津軽北部,40°44.1′N,140°26.5′E,16 km,4.1,震度４
1973/03/27,11:08:31.2,東京湾,35°31.1′N,139°54.1′E,68 km,4.9,震度４
1972/12/04,19:16:10.3,八丈島東方沖,33°20.2′N,140°56.3′E,54 km,7.2,震度６
1972/11/06,20:39:49.7,茨城県南部,36°06.4′N,139°52.0′E,55 km,5.2,震度４
1972/10/06,20:31:02.9,駿河湾南方沖,34°28.5′N,138°33.7′E,25 km,5.5,震度４
1972/09/25,18:28:03.3,宮城県沖,38°26.0′N,141°51.1′E,55 km,5.3,震度４
1972/08/31,16:54:19.9,京都府南部,35°19.3′N,135°37.1′E,20 km,5.1,震度４
1972/07/04,10:04:33.6,宮城県沖,38°26.9′N,142°14.2′E,31 km,5.7,震度４
1972/06/16,00:21:19.1,日高地方東部,42°15.6′N,143°07.6′E,63 km,5.3,震度４
1972/05/11,09:44:57.2,釧路沖,42°42.7′N,144°49.6′E,48 km,5.8,震度４
1972/04/14,04:29:05.9,広島県北部,34°54.3′N,132°55.3′E,11 km,5.2,震度４
1972/03/26,17:13:41.2,長崎県島原半島,32°44.3′N,130°14.6′E,0 km,不明,震度４
1972/03/26,07:59:40.3,根室半島南東沖,43°07.0′N,146°12.8′E,42 km,6.1,震度４
1972/03/20,00:57:50.6,青森県東方沖,40°50.2′N,141°59.8′E,65 km,6.4,震度４
1972/03/03,05:10:08.8,八丈島東方沖,33°40.5′N,140°52.3′E,11 km,5.5,震度４
1972/02/29,18:23:00.0,八丈島東方沖,33°31.5′N,140°53.1′E,22 km,7.0,震度５
1972/01/14,16:26:16.6,伊豆大島近海,34°43.4′N,139°18.2′E,0 km,3.9,震度４
1972/01/14,16:14:06.1,伊豆大島近海,34°43.1′N,139°17.4′E,0 km,3.8,震度４
1972/01/14,16:04:45.4,伊豆大島近海,34°41.2′N,139°15.4′E,0 km,3.2,震度４
1971/10/11,19:16:13.7,千葉県北東部,35°54.4′N,140°34.0′E,39 km,5.2,震度４
1971/08/02,16:26,詳細不明,40°14.0′N,140°22.0′E,0 km,不明,震度４
1971/08/02,16:24:56.8,十勝沖,41°18.0′N,143°31.7′E,54 km,7.0,震度５
1971/05/29,17:52:44.4,大隅半島東方沖,31°19.2′N,131°29.7′E,44 km,5.9,震度４
1971/05/26,15:13:14.0,大隅半島東方沖,31°15.4′N,131°38.6′E,45 km,5.6,震度４
1971/05/25,22:00:16.5,大隅半島東方沖,31°07.6′N,131°41.5′E,32 km,5.8,震度４
1971/03/20,10:13:04.5,長野県北部,36°35.1′N,138°12.5′E,0 km,4.2,震度４
1971/02/26,04:27:52.2,新潟県上越地方,37°07.6′N,138°20.8′E,17 km,5.5,震度４
1971/01/30,01:42:56.6,岩手県沿岸北部,40°17.4′N,141°44.1′E,56 km,5.2,震度４
1971/01/06,15:04:21.7,茨城県沖,36°22.0′N,141°07.7′E,44 km,5.5,震度４
1971/01/05,06:08:53.4,遠州灘,34°29.4′N,137°09.5′E,39 km,6.1,震度４
1970/10/16,14:26:12.9,秋田県内陸南部,39°12.7′N,140°45.2′E,18 km,6.2,震度５
1970/09/14,18:44:53.5,宮城県沖,38°42.1′N,142°16.6′E,37 km,6.3,震度４
1970/07/26,16:10:35.5,日向灘,32°07.8′N,132°04.9′E,16 km,6.1,震度４
1970/07/26,07:41:10.5,日向灘,32°06.1′N,132°01.6′E,20 km,6.7,震度５
1970/07/12,06:16:34.1,奄美大島近海,28°06.3′N,129°44.2′E,68 km,5.2,震度４
1970/07/10,09:13:28.7,長崎県島原半島,32°42.4′N,130°11.2′E,11 km,4.4,震度４
1970/04/01,23:23:26.0,岩手県沿岸北部,39°44.4′N,141°54.5′E,65 km,5.8,震度４
1970/01/21,21:59:32.3,十勝地方南部,42°22.9′N,143°06.6′E,44 km,4.8,震度４
1970/01/21,02:33:04.3,十勝地方南部,42°25.1′N,143°08.9′E,55 km,6.7,震度５
1970/01/01,10:49:51.1,奄美大島近海,28°16.9′N,129°59.9′E,0 km,5.4,震度４
1970/01/01,04:01:51.6,奄美大島近海,28°29.5′N,129°05.7′E,0 km,6.1,震度５
1969/10/18,10:14:01.9,岩手県沿岸南部,39°14.4′N,141°35.3′E,118 km,5.7,震度４
1969/09/18,03:51:10.7,大隅半島東方沖,31°07.5′N,131°35.8′E,40 km,5.4,震度４
1969/09/18,03:40:49.6,大隅半島東方沖,30°57.0′N,131°36.8′E,51 km,5.9,震度４
1969/09/09,14:15:35.9,岐阜県美濃中西部,35°46.6′N,137°04.6′E,3 km,6.6,震度５
1969/08/12,06:27:36.4,北海道東方沖,43°22.6′N,147°54.3′E,38 km,7.8,震度４
1969/07/27,04:36:43.1,橘湾,32°45.6′N,130°12.2′E,12 km,4.5,震度４
1969/06/21,00:37:49.5,青森県東方沖,40°41.8′N,142°13.2′E,53 km,5.5,震度４
1969/04/21,16:19:26.4,日向灘,32°06.1′N,132°09.2′E,20 km,6.5,震度４
1969/04/06,01:36:17.7,長野県北部,36°34.1′N,138°15.2′E,5 km,4.5,震度４
1969/01/19,16:02:08.7,宗谷東方沖,44°54.4′N,143°18.9′E,257 km,6.7,震度４
1968/11/14,21:11:53.3,日向灘,31°33.2′N,131°54.4′E,17 km,5.3,震度４
1968/11/12,09:44:11.5,沖縄本島近海,27°18.6′N,128°43.2′E,8 km,5.6,震度４
1968/10/08,09:50:41.1,東京湾,35°34.5′N,140°03.5′E,79 km,5.3,震度４
1968/10/08,05:49:04.7,浦河沖,41°51.6′N,142°39.2′E,59 km,6.2,震度４
1968/09/21,22:06:01.7,浦河沖,41°59.0′N,142°45.6′E,54 km,6.8,震度５
1968/09/21,07:25:33.2,長野県北部,36°46.8′N,138°17.1′E,14 km,5.3,震度４
1968/09/07,04:22:44.9,九州地方南東沖,30°55.7′N,132°03.0′E,11 km,5.4,震度４
1968/08/18,16:12:17.6,京都府南部,35°14.2′N,135°22.0′E,19 km,5.6,震度４
1968/08/07,17:00:15.6,釧路沖,42°58.9′N,144°53.3′E,60 km,5.5,震度４
1968/08/06,01:17:06.3,豊後水道,33°17.8′N,132°23.5′E,39 km,6.6,震度５
1968/08/03,13:54:31.7,沖縄本島近海,25°33.0′N,128°38.9′E,32 km,6.3,震度４
1968/07/05,20:28:12.4,宮城県沖,38°28.2′N,142°08.6′E,55 km,6.4,震度４
1968/07/01,19:45:11.6,埼玉県北部,36°02.7′N,139°23.8′E,65 km,6.1,震度４
1968/06/12,22:41:46.5,三陸沖,39°23.7′N,143°04.0′E,20 km,7.2,震度４
1968/05/16,19:39:01.9,青森県東方沖,41°30.2′N,142°37.6′E,8 km,7.5,震度５
1968/05/16,09:48:54.5,青森県東方沖,40°41.9′N,143°35.7′E,0 km,7.9,震度５
1968/05/14,23:05:05.0,トカラ列島近海,29°36.9′N,129°41.6′E,153 km,6.1,震度４
1968/04/04,19:54:15.8,長野県北部,36°36.9′N,138°09.2′E,10 km,5.1,震度４
1968/04/01,16:13:18.6,日向灘,32°20.0′N,132°18.5′E,11 km,6.4,震度４
1968/04/01,09:42:04.0,日向灘,32°26.9′N,132°26.2′E,22 km,7.5,震度５
1968/03/30,04:04:31.7,和歌山県北部,34°12.3′N,135°10.5′E,5 km,5.1,震度４
1968/03/25,01:21:01.4,宮崎県南部山沿い,32°01.9′N,130°47.9′E,0 km,5.4,震度４
1968/03/06,09:12:33.4,茨城県南部,36°04.1′N,139°55.1′E,52 km,5.1,震度４
1968/02/25,01:49:45.3,新島・神津島近海,34°13.7′N,139°12.6′E,0 km,4.9,震度４
1968/02/25,00:34:19.5,新島・神津島近海,34°12.0′N,139°10.7′E,0 km,5.1,震度４
1968/02/22,19:19:07.0,宮崎県南部山沿い,32°02.4′N,130°48.3′E,0 km,5.6,震度４
1968/02/21,10:44:52.0,宮崎県南部山沿い,32°02.0′N,130°45.3′E,0 km,6.1,震度５
1968/02/21,08:51:39.7,宮崎県南部山沿い,32°02.9′N,130°47.4′E,0 km,5.7,震度５
1968/01/29,19:19:04.4,北海道東方沖,43°20.7′N,146°53.9′E,32 km,6.9,震度４
1968/01/26,16:55:21.2,長野県北部,36°30.3′N,138°09.8′E,5 km,5.3,震度４
1967/11/28,11:36:54.6,宮崎県南部山沿い,32°06.6′N,130°56.8′E,146 km,6.1,震度４
1967/11/28,06:46:07.3,奄美大島北東沖,28°40.2′N,130°31.8′E,0 km,4.8,震度４
1967/11/26,09:08:08.8,奄美大島近海,28°19.6′N,130°16.9′E,44 km,5.6,震度４
1967/11/19,21:07:01.0,茨城県沖,36°25.8′N,141°04.6′E,41 km,5.9,震度４
1967/11/07,09:06:12.0,福岡県筑後地方,33°14.3′N,130°49.8′E,0 km,4.1,震度４
1967/11/04,23:30:36.0,釧路地方北部,43°31.8′N,144°19.6′E,12 km,6.5,震度４
1967/10/25,09:59:22.6,台湾付近,24°19.9′N,122°16.0′E,53 km,6.7,震度４
1967/10/14,04:48:46.0,長野県北部,36°32.6′N,138°09.3′E,10 km,5.3,震度５
1967/09/19,19:56:10.0,釧路沖,42°56.3′N,145°27.6′E,88 km,6.2,震度４
1967/09/14,19:38:33.2,長野県中部,36°29.3′N,138°03.7′E,11 km,5.1,震度４
1967/05/19,08:39:16.6,種子島近海,30°47.0′N,131°01.5′E,57 km,5.4,震度４
1967/04/07,08:28:51.7,新島・神津島近海,34°17.5′N,139°11.5′E,20 km,5.2,震度４
1967/04/06,18:06:44.0,新島・神津島近海,34°21.1′N,139°15.1′E,21 km,4.9,震度４
1967/04/06,17:49:38.6,新島・神津島近海,34°18.3′N,139°11.1′E,19 km,5.2,震度４
1967/03/19,02:49:49.7,栃木県南部,36°23.0′N,139°59.9′E,78 km,5.4,震度４
1967/03/02,03:39:55.8,長野県中部,36°31.4′N,138°18.1′E,0 km,5.1,震度４
1967/02/13,20:21:09.7,茨城県南部,36°11.8′N,139°50.7′E,56 km,4.9,震度４
1967/01/17,20:59:31.5,宮城県沖,38°14.6′N,142°08.8′E,36 km,6.4,震度４
1967/01/16,12:32:09.5,長野県中部,36°28.2′N,138°03.6′E,0 km,5.2,震度４
1966/10/26,03:04:09.4,長野県北部,36°36.8′N,138°19.5′E,5 km,5.3,震度４
1966/10/19,00:04:47.4,長野県北部,36°31.9′N,138°10.4′E,9 km,4.7,震度４
1966/10/13,06:01:33.7,長野県北部,36°35.5′N,138°09.9′E,2 km,4.8,震度４
1966/09/27,04:03:17.8,長野県北部,36°30.7′N,138°09.3′E,0 km,4.9,震度４
1966/09/14,10:14:17.9,長野県北部,36°34.6′N,138°09.1′E,0 km,5.0,震度４
1966/09/07,15:18:50.6,長野県北部,36°33.5′N,138°10.0′E,0 km,4.1,震度４
1966/09/06,03:37:40.7,長野県北部,36°34.0′N,138°09.8′E,0 km,4.8,震度４
1966/08/31,13:37:14.5,長野県北部,36°30.9′N,138°11.9′E,0 km,4.2,震度４
1966/08/29,00:36:16.4,長野県北部,36°33.7′N,138°14.1′E,0 km,5.1,震度４
1966/08/28,13:09:21.9,長野県北部,36°30.0′N,138°07.5′E,0 km,5.3,震度４
1966/08/20,19:50:29,詳細不明,36°40.0′N,138°12.0′E,0 km,不明,震度４
1966/08/20,19:50:18.6,長野県北部,36°33.0′N,138°10.2′E,0 km,4.9,震度４
1966/08/16,18:42:11.6,長野県北部,36°31.5′N,138°11.9′E,0 km,4.2,震度４
1966/08/14,04:05:01.8,長野県北部,36°30.9′N,138°11.8′E,0 km,4.2,震度４
1966/08/08,09:37:18.6,長野県北部,36°33.5′N,138°14.4′E,4 km,5.1,震度４
1966/08/03,03:48:34.9,長野県北部,36°30.5′N,138°11.8′E,0 km,5.3,震度５
1966/07/10,15:43:54.0,長野県北部,36°31.4′N,138°11.8′E,8 km,4.7,震度４
1966/06/26,16:34:52.6,長野県北部,36°35.0′N,138°15.6′E,2 km,5.0,震度４
1966/06/21,22:05:12.5,長野県北部,36°34.9′N,138°15.0′E,0 km,4.8,震度４
1966/06/12,09:43:07.2,長野県北部,36°32.7′N,138°17.4′E,0 km,5.0,震度４
1966/06/11,12:05:30.8,長野県北部,36°34.7′N,138°13.5′E,2 km,4.7,震度４
1966/05/28,14:21:21.7,長野県北部,36°33.6′N,138°12.4′E,0 km,5.3,震度５
1966/05/27,22:02:52.4,長野県北部,36°33.9′N,138°13.3′E,2 km,4.3,震度４
1966/05/25,05:57:01.3,長野県北部,36°31.8′N,138°12.0′E,0 km,4.7,震度４
1966/05/22,17:27:23.6,長野県北部,36°34.4′N,138°10.0′E,2 km,4.1,震度４
1966/05/20,09:30:36.7,長野県北部,36°31.1′N,138°13.3′E,7 km,4.9,震度４
1966/05/19,21:51:08.2,長野県北部,36°33.3′N,138°12.3′E,0 km,4.3,震度４
1966/05/17,09:59:04.1,千葉県東方沖,35°41.8′N,140°42.8′E,50 km,5.2,震度４
1966/05/16,22:06:40.2,種子島近海,30°26.3′N,130°26.6′E,89 km,5.0,震度４
1966/05/06,19:08:14.4,長野県北部,36°32.9′N,138°14.5′E,2 km,5.0,震度４
1966/05/04,10:48:45.9,長野県北部,36°33.1′N,138°11.7′E,2 km,4.6,震度４
1966/05/02,04:44,詳細不明,36°40.0′N,138°12.0′E,0 km,不明,震度４
1966/05/02,00:44:51.9,長野県北部,36°33.0′N,138°15.4′E,0 km,4.5,震度４
1966/05/02,00:44:05.6,長野県北部,36°33.9′N,138°12.5′E,6 km,4.5,震度４
1966/04/28,14:38:36.2,長野県北部,36°31.1′N,138°12.6′E,1 km,不明,震度４
1966/04/17,20:28:18.8,長野県北部,36°33.3′N,138°11.3′E,2 km,4.7,震度５
1966/04/17,20:06:42.9,長野県北部,36°31.2′N,138°12.4′E,1 km,4.1,震度４
1966/04/17,20:01:52.8,長野県北部,36°31.7′N,138°11.9′E,0 km,4.2,震度４
1966/04/17,15:46:55.3,長野県北部,36°33.5′N,138°12.5′E,0 km,4.7,震度５
1966/04/17,10:22:11.6,長野県北部,36°33.4′N,138°14.6′E,6 km,不明,震度４
1966/04/17,10:21:34.8,長野県北部,36°36.8′N,138°13.0′E,10 km,4.7,震度５
1966/04/16,15:06:41.8,長野県北部,36°31.0′N,138°16.1′E,0 km,4.4,震度４
1966/04/16,09:07:29.0,長野県北部,36°31.0′N,138°10.8′E,4 km,4.3,震度４
1966/04/14,09:09:07.5,長野県北部,36°30.5′N,138°11.1′E,3 km,4.5,震度４
1966/04/11,06:06:15.2,長野県北部,36°34.2′N,138°12.1′E,2 km,4.7,震度５
1966/04/11,04:58:30.5,長野県北部,36°33.6′N,138°12.3′E,0 km,4.2,震度４
1966/04/11,04:57:26.0,長野県北部,36°32.5′N,138°11.9′E,1 km,4.7,震度４
1966/04/07,18:42:23.9,沖縄本島近海,25°35.2′N,128°20.0′E,5 km,5.8,震度４
1966/04/05,17:51:17.1,長野県北部,36°33.5′N,138°19.1′E,0 km,5.4,震度５
1966/04/03,13:43:39.8,茨城県沖,36°37.0′N,140°59.5′E,44 km,5.7,震度４
1966/04/01,05:25:18.3,長野県北部,36°33.0′N,138°14.9′E,0 km,4.6,震度４
1966/03/13,01:31:21.4,与那国島近海,24°03.0′N,122°42.9′E,42 km,7.3,震度５
1966/03/10,07:03:44.6,長野県北部,36°32.9′N,138°11.4′E,3 km,4.5,震度４
1966/03/08,19:28:55.6,長野県北部,36°32.7′N,138°14.3′E,1 km,4.6,震度４
1966/02/22,11:38:44.5,薩摩半島西方沖,31°18.8′N,129°59.2′E,13 km,4.9,震度４
1966/02/18,09:27:53.4,茨城県北部,36°29.0′N,140°36.1′E,48 km,5.1,震度４
1966/02/12,04:05:56.2,長野県北部,36°31.8′N,138°11.0′E,0 km,4.3,震度４
1966/02/07,04:05:13.8,長野県北部,36°32.5′N,138°13.1′E,0 km,4.9,震度５
1966/01/23,20:15:57.3,長野県北部,36°31.7′N,138°13.0′E,3 km,5.1,震度５
1966/01/20,10:44:47.2,佐渡付近,37°54.8′N,138°05.6′E,8 km,5.3,震度４
1966/01/08,22:34:30.2,長野県北部,36°33.4′N,138°13.0′E,2 km,4.7,震度４
1966/01/03,03:59:13.8,長野県北部,36°30.5′N,138°09.2′E,5 km,4.7,震度４
1965/12/19,13:43:04.0,長野県北部,36°32.6′N,138°10.2′E,2 km,4.0,震度４
1965/12/09,23:11:54.9,長野県北部,36°34.7′N,138°11.6′E,6 km,4.3,震度４
1965/11/24,14:13:38.5,長野県北部,36°33.1′N,138°13.6′E,0 km,4.3,震度４
1965/11/23,02:57:40.0,長野県北部,36°34.2′N,138°08.6′E,0 km,5.0,震度４
1965/11/22,22:30:04.0,長野県北部,36°31.9′N,138°10.9′E,0 km,4.7,震度４
1965/11/22,21:09:13.7,長野県北部,36°32.1′N,138°11.8′E,4 km,4.5,震度４
1965/11/21,03:30:34.7,長野県北部,36°32.4′N,138°10.8′E,2 km,4.8,震度４
1965/11/17,02:05:39.3,宮古島近海,24°49.5′N,125°36.6′E,41 km,5.8,震度４
1965/11/14,14:54:13.5,茨城県沖,36°27.2′N,141°09.9′E,34 km,5.6,震度４
1965/11/13,23:14:32.1,長野県北部,36°32.7′N,138°13.3′E,4 km,4.6,震度４
1965/11/13,02:52:21.7,鳥島近海,30°22.8′N,140°23.7′E,26 km,6.3,震度４
1965/11/13,02:14:15.7,鳥島近海,30°35.0′N,140°18.6′E,0 km,5.4,震度４
1965/11/05,10:07:27.0,長野県北部,36°31.9′N,138°11.0′E,4 km,4.2,震度４
1965/11/04,23:45:47.7,長野県北部,36°32.9′N,138°12.3′E,5 km,4.6,震度４
1965/10/26,07:34:26.3,国後島付近,43°48.0′N,145°38.0′E,157 km,6.8,震度４
1965/09/18,01:21:19.1,茨城県沖,36°16.8′N,141°21.8′E,31 km,6.6,震度４
1965/08/03,17:30:41.6,新島・神津島近海,34°17.1′N,139°18.0′E,20 km,5.0,震度４
1965/07/12,01:15:18.7,茨城県南部,36°12.2′N,140°04.4′E,61 km,4.9,震度４
1965/04/20,08:41:59.4,静岡県中部,34°55.4′N,138°18.9′E,26 km,6.1,震度４
1965/04/06,14:31:59.5,茨城県南部,36°06.1′N,139°56.8′E,59 km,5.5,震度４
1965/04/02,10:26:38,詳細不明,30°29.0′N,140°18.0′E,0 km,不明,震度４
1965/03/17,01:46:14.5,青森県東方沖,40°45.4′N,143°08.3′E,56 km,6.4,震度４
1965/03/06,01:21:50.2,福井県嶺南,35°33.1′N,135°56.6′E,14 km,4.7,震度４
1965/02/20,11:19:02.5,伊豆大島近海,34°45.7′N,139°08.7′E,0 km,4.7,震度４
1965/01/27,08:47:36.6,埼玉県南部,36°03.6′N,139°45.9′E,89 km,5.4,震度４
1965/01/13,17:40:56.0,宮城県北部,38°42.3′N,141°09.0′E,15 km,5.2,震度４
1965/01/06,05:46:08.6,伊豆大島近海,34°45.2′N,139°18.1′E,2 km,5.1,震度４
1965/01/06,05:45:14.1,伊豆大島近海,34°38.2′N,139°14.6′E,0 km,5.1,震度４
1964/12/26,02:01:29.3,伊豆大島近海,34°39.4′N,139°18.4′E,13 km,5.5,震度４
1964/12/25,22:50:37.8,伊豆大島近海,34°43.9′N,139°20.3′E,13 km,5.3,震度４
1964/12/11,00:11:04.3,秋田県沖,40°25.9′N,138°59.7′E,57 km,6.3,震度４
1964/12/09,02:49:42.4,伊豆大島近海,34°34.4′N,139°18.3′E,3 km,5.8,震度４
1964/11/27,22:48,詳細不明,37°55.0′N,139°03.0′E,0 km,不明,震度４
1964/11/27,22:47:39.7,佐渡付近,38°00.7′N,138°17.5′E,45 km,5.8,震度４
1964/07/12,10:45:28.3,新潟県下越沖,38°32.8′N,139°21.7′E,37 km,6.0,震度４
1964/06/23,10:26:39.5,根室半島南東沖,43°04.9′N,146°09.0′E,62 km,6.8,震度４
1964/06/19,19:05:36.1,山形県沖,38°47.6′N,139°30.6′E,23 km,5.5,震度４
1964/06/16,13:05,詳細不明,38°02.0′N,138°15.0′E,0 km,不明,震度４
1964/06/16,13:04,詳細不明,38°45.0′N,140°42.0′E,0 km,不明,震度４
1964/06/16,13:04,詳細不明,38°02.0′N,138°15.0′E,0 km,不明,震度４
1964/06/16,13:01:40.7,新潟県下越沖,38°22.2′N,139°12.7′E,34 km,7.5,震度５
1964/05/31,09:40:38.9,北海道東方沖,43°16.4′N,146°58.4′E,43 km,6.7,震度４
1964/05/30,23:30:45.1,茨城県沖,36°13.2′N,141°12.7′E,46 km,6.2,震度４
1964/05/07,16:58:08.1,秋田県沖,40°23.8′N,138°40.1′E,24 km,6.9,震度４
1964/05/03,10:54:35.6,岩手県沖,40°04.3′N,141°59.7′E,35 km,5.0,震度４
1964/02/05,20:30:15.5,茨城県沖,36°23.2′N,141°03.7′E,45 km,6.0,震度４
1964/01/16,06:36:06.5,鳥島近海,29°23.1′N,141°04.8′E,67 km,6.2,震度４
1963/11/13,14:01:35.4,新島・神津島近海,34°15.5′N,139°12.8′E,9 km,4.7,震度４
1963/10/13,14:17:50.5,択捉島南東沖,44°02.9′N,149°49.5′E,0 km,8.1,震度４
1963/10/04,08:24:34.6,日向灘,32°09.2′N,132°07.8′E,1 km,6.3,震度４
1963/08/17,20:12:41.5,種子島近海,30°22.0′N,131°17.4′E,57 km,6.3,震度４
1963/08/15,15:11:32.2,福島県沖,37°40.7′N,141°51.3′E,47 km,6.6,震度４
1963/05/08,19:22:09.4,茨城県沖,36°25.0′N,141°10.4′E,42 km,6.1,震度４
1963/03/27,15:49:23.0,若狭湾,35°45.2′N,135°47.3′E,7 km,5.2,震度４
1963/03/27,06:34:39.1,若狭湾,35°48.9′N,135°47.5′E,14 km,6.9,震度５
1963/02/26,02:11:01.7,西表島付近,24°24.0′N,123°24.0′E,33 km,5.3,震度４
1963/02/13,17:01,詳細不明,24°28.0′N,123°01.0′E,0 km,不明,震度４
1962/12/28,03:18:45.1,岩手県沿岸北部,39°37.9′N,141°48.7′E,51 km,5.9,震度４
1962/12/21,18:33:19.3,浦河沖,42°03.1′N,142°28.0′E,72 km,6.1,震度４
1962/11/24,16:17:49.4,房総半島南方沖,34°12.4′N,139°49.4′E,36 km,不明,震度４
1962/11/14,16:48:04.6,千葉県東方沖,35°46.7′N,140°57.3′E,39 km,5.7,震度４
1962/11/09,18:21:34.6,千葉県北東部,35°55.4′N,140°31.4′E,62 km,5.4,震度４
1962/10/06,14:39:07.2,沖縄本島近海,26°57.5′N,129°13.2′E,不明,6.4,震度４
1962/09/02,17:23:28.1,新島・神津島近海,34°19.0′N,139°11.5′E,3 km,4.4,震度４
1962/08/30,22:46:09.2,三宅島近海,34°09.6′N,139°23.3′E,20 km,5.2,震度５
1962/08/30,07:37,詳細不明,34°07.0′N,139°32.0′E,0 km,不明,震度４
1962/08/30,07:36:52.1,三宅島近海,34°07.5′N,139°20.1′E,18 km,5.8,震度４
1962/08/30,05:21,詳細不明,34°07.0′N,139°32.0′E,0 km,不明,震度４
1962/08/30,05:20:18.4,三宅島近海,34°06.3′N,139°24.3′E,16 km,5.2,震度４
1962/08/30,04:36:33.5,三宅島近海,34°07.5′N,139°30.2′E,34 km,4.7,震度４
1962/08/30,02:39:02.2,三宅島近海,34°07.9′N,139°30.3′E,23 km,5.1,震度４
1962/08/30,00:14:22.6,三宅島近海,34°07.0′N,139°28.8′E,25 km,4.7,震度４
1962/08/28,20:16:21.8,三宅島近海,34°06.0′N,139°26.6′E,20 km,4.9,震度４
1962/08/28,20:15,詳細不明,34°07.0′N,139°32.0′E,0 km,不明,震度４
1962/08/28,17:13:08.7,三宅島近海,34°10.4′N,139°25.7′E,不明,5.3,震度４
1962/08/28,09:29:22.3,三宅島近海,34°04.9′N,139°28.3′E,21 km,5.1,震度４
1962/08/28,09:13:15.8,三宅島近海,34°03.7′N,139°32.2′E,22 km,4.9,震度４
1962/08/27,07:35:10.4,三宅島近海,34°11.4′N,139°23.3′E,25 km,5.2,震度４
1962/08/26,16:20:30.5,三宅島近海,34°10.6′N,139°23.3′E,5 km,4.0,震度４
1962/08/26,15:48:55.8,三宅島近海,34°07.2′N,139°24.3′E,33 km,5.9,震度５
1962/08/11,17:15:43.7,石垣島北西沖,25°12.0′N,123°18.0′E,140 km,不明,震度４
1962/07/18,02:20:24.3,釧路沖,42°43.2′N,145°05.1′E,40 km,5.9,震度４
1962/07/15,15:47:23.0,岩手県内陸南部,39°30.1′N,141°18.4′E,94 km,5.6,震度４
1962/06/03,02:15:15.0,種子島南東沖,29°48.5′N,130°51.2′E,37 km,5.5,震度４
1962/05/05,20:11:44.8,三宅島近海,34°06.4′N,139°21.5′E,10 km,5.8,震度４
1962/04/30,11:26:24.0,宮城県北部,38°44.4′N,141°08.3′E,19 km,6.5,震度４
1962/04/23,14:58:13.9,十勝沖,42°27.7′N,143°46.0′E,69 km,7.1,震度５
1962/04/12,09:52:40.4,三陸沖,38°00.5′N,142°45.5′E,32 km,6.8,震度４
1962/02/21,01:05:45.2,釧路地方中南部,43°01.4′N,144°57.8′E,59 km,6.2,震度４
1962/02/06,07:55:53.2,埼玉県南部,35°51.7′N,139°18.2′E,127 km,5.7,震度４
1962/01/04,13:35:41.3,和歌山県南方沖,33°39.0′N,135°18.0′E,45 km,6.4,震度４
1961/12/02,06:13:03.3,宮古島北西沖,26°21.8′N,125°00.3′E,258 km,6.2,震度４
1961/11/27,14:57:12.3,大隅半島東方沖,31°18.1′N,131°10.6′E,111 km,6.1,震度４
1961/11/15,16:17:12.5,釧路沖,42°45.1′N,145°22.1′E,37 km,6.9,震度４
1961/10/26,13:19,詳細不明,28°23.0′N,129°30.0′E,0 km,不明,震度４
1961/08/19,14:33:33.0,石川県加賀地方,36°06.7′N,136°42.0′E,10 km,7.0,震度４
1961/08/12,00:51:35.6,釧路沖,42°53.9′N,145°17.4′E,49 km,7.2,震度４
1961/07/22,16:24:28.6,伊豆半島東方沖,34°51.8′N,139°19.3′E,0 km,4.6,震度４
1961/07/22,06:35,詳細不明,39°08.0′N,141°08.0′E,0 km,不明,震度４
1961/07/18,23:03:36.9,種子島南東沖,29°29.8′N,131°46.1′E,50 km,6.6,震度４
1961/07/18,01:20:16.1,茨城県沖,35°50.1′N,141°31.9′E,20 km,5.9,震度４
1961/06/15,15:40,詳細不明,41°52.0′N,140°08.0′E,0 km,不明,震度４
1961/05/07,21:14:17.3,兵庫県南西部,35°02.9′N,134°30.7′E,23 km,5.9,震度４
1961/05/05,00:21,詳細不明,26°20.0′N,126°48.0′E,0 km,不明,震度４
1961/03/25,07:57:11.7,千葉県東方沖,35°49.1′N,141°05.9′E,33 km,6.1,震度４
1961/02/27,03:10:49.1,日向灘,31°38.7′N,131°53.2′E,37 km,7.0,震度５
1961/02/05,04:09:12.9,与那国島近海,24°00.0′N,122°42.0′E,0 km,不明,震度４
1961/02/02,03:39:02.8,新潟県中越地方,37°26.9′N,138°50.1′E,0 km,5.2,震度４
1961/01/17,00:41:10.7,茨城県沖,36°13.1′N,141°50.3′E,60 km,6.5,震度４
1961/01/16,21:12:26.2,茨城県沖,36°12.2′N,141°51.1′E,45 km,6.5,震度４
1961/01/16,16:20:11.1,茨城県沖,36°07.9′N,141°46.5′E,48 km,6.8,震度４
1960/12/26,10:44:47.7,三重県南部,34°10.1′N,136°08.9′E,39 km,6.0,震度４
1960/11/26,06:54:12.4,宮城県南部,38°07.0′N,140°53.8′E,93 km,5.9,震度４
1960/10/09,18:00:41.1,青森県東方沖,40°46.4′N,141°25.3′E,70 km,6.6,震度４
1960/07/30,02:31:41.2,岩手県沖,40°17.6′N,142°17.3′E,34 km,6.7,震度４
1960/07/22,16:35:45.2,宮古島近海,24°20.0′N,125°22.2′E,0 km,不明,震度４
1960/07/08,21:51:26.6,種子島近海,30°18.7′N,130°39.7′E,61 km,5.7,震度４
1960/05/18,15:35:05.7,トカラ列島近海,29°17.7′N,129°38.7′E,0 km,6.2,震度４
1960/05/11,08:17:59.2,周防灘,33°53.2′N,131°53.7′E,81 km,5.4,震度４
1960/04/15,20:38:58.6,青森県東方沖,40°59.7′N,141°31.6′E,104 km,5.5,震度４
1960/03/21,02:07:27.8,三陸沖,39°53.7′N,143°20.9′E,0 km,7.2,震度４
1960/03/04,12:53:09.1,薩摩半島西方沖,31°01.8′N,130°38.5′E,140 km,6.1,震度４
1960/01/14,19:25:57.1,茨城県南部,35°58.7′N,140°03.4′E,69 km,5.7,震度４
